X,Y,Z
0.4434427,1.266256,-0.2033537
0.4435361,1.264143,-0.2018287
0.4442337,1.261295,-0.1994797
0.4448904,1.258512,-0.1971133
0.4452807,1.255975,-0.1944047
0.445736,1.253266,-0.1912505
0.4460567,1.250571,-0.1877972
0.4468305,1.247861,-0.1840716
0.447863,1.244906,-0.1801008
0.448779,1.24198,-0.1756476
0.4501546,1.239169,-0.1710703
0.4509727,1.23647,-0.1663376
0.4519529,1.234099,-0.1611241
0.4526552,1.232122,-0.1554296
0.4537278,1.230251,-0.1496135
0.4538537,1.227892,-0.1444938
0.4549502,1.22626,-0.1381989
0.4562094,1.224924,-0.1318414
0.4525974,1.224199,-0.1275849
0.4537014,1.222812,-0.1204972
0.454482,1.221511,-0.1134105
0.4551885,1.221137,-0.1057603
0.4557714,1.221348,-0.09796216
0.4566416,1.221438,-0.09043718
0.4575299,1.221504,-0.08269083
0.4584866,1.222511,-0.07502341
0.4594749,1.22363,-0.06731695
0.4602903,1.225196,-0.0593558
0.4609141,1.226548,-0.05075103
0.4616388,1.22842,-0.0424761
0.4621273,1.231418,-0.03393805
0.4627807,1.234067,-0.02540664
0.4633013,1.237353,-0.0170494
0.4640666,1.240863,-0.00877285
0.4652061,1.244507,-0.000557467
0.4659489,1.248621,0.007393114
0.4667909,1.253399,0.01537018
0.4675311,1.257998,0.02328524
0.4682718,1.263819,0.03116937
0.468837,1.27007,0.03875861
0.4695922,1.27671,0.04642412
0.470271,1.28289,0.05397967
0.4712215,1.289973,0.06075509
0.4722251,1.296703,0.06774157
0.4730436,1.304355,0.07451881
0.4739204,1.312334,0.08134872
0.4748422,1.321034,0.08772364
0.4759081,1.32944,0.09368236
0.4768254,1.337947,0.09955232
0.477668,1.34676,0.1052025
0.4784099,1.355507,0.1110121
0.479255,1.364822,0.116094
0.4800272,1.373793,0.1214593
0.4807132,1.3833,0.125786
0.4812467,1.392549,0.1306535
0.4815479,1.402061,0.1352578
0.4840041,1.411118,0.1386769
0.4841723,1.420601,0.14315
0.4841495,1.430053,0.1465482
0.4840018,1.439367,0.1506402
0.4835911,1.448959,0.1540982
0.4831021,1.458009,0.1574713
0.4821788,1.467317,0.1608173
0.4811656,1.475979,0.1637427
0.4803648,1.484692,0.1668866
0.4790208,1.493808,0.1692905
0.4778078,1.502466,0.1721821
0.4759417,1.510451,0.1741028
0.4743102,1.518426,0.176544
0.4721975,1.525979,0.1787807
0.470309,1.533419,0.1804436
0.4686605,1.540395,0.1819787
0.4670122,1.547508,0.1834718
0.4653941,1.554292,0.1845378
0.4639032,1.560755,0.1851575
0.4624775,1.566765,0.1856516
0.4587777,1.578589,0.1867082
0.4587777,1.578589,0.1867082
0.4567142,1.583745,0.1871215
0.4547419,1.588801,0.1872102
0.4527984,1.593933,0.1874265
0.4511877,1.598082,0.1871955
0.4496174,1.601435,0.1870208
0.4479033,1.604704,0.1866027
0.4449329,1.610665,0.1855419
0.4438698,1.61271,0.1846892
0.4438698,1.61271,0.1846892
0.4431874,1.614233,0.1834983
0.4424988,1.616445,0.1806861
0.4424988,1.616445,0.1806861
0.4417955,1.617984,0.1778838
0.4417955,1.617984,0.1778838
0.4417416,1.618019,0.1761615
0.4418693,1.617542,0.174508
0.4423399,1.616624,0.1731386
0.4429472,1.61558,0.1717965
0.4438458,1.613633,0.1701072
0.4439113,1.610613,0.1665172
0.4439113,1.610613,0.1665172
0.4444029,1.609076,0.1648536
0.4401931,1.608182,0.1650519
0.4407916,1.605987,0.163594
0.4424492,1.603088,0.1627278
0.4438275,1.599967,0.1618215
0.4453479,1.597068,0.1605781
0.4468203,1.593714,0.1597556
0.4483945,1.590061,0.158891
0.4509428,1.582438,0.1576939
0.4509428,1.582438,0.1576939
0.452833,1.578205,0.1571364
0.4546035,1.573821,0.1563693
0.4568341,1.569196,0.1558296
0.4609091,1.559298,0.155404
0.4629854,1.553571,0.1557369
0.4647129,1.547369,0.1564402
0.4647129,1.547369,0.1564402
0.4678712,1.534972,0.1575602
0.4690902,1.528201,0.1580081
0.4690902,1.528201,0.1580081
0.4703314,1.521768,0.1586702
0.4737626,1.506699,0.1609185
0.4737626,1.506699,0.1609185
0.4770314,1.489718,0.1643246
0.4770314,1.489718,0.1643246
0.4778398,1.480799,0.1666199
0.4784149,1.47147,0.1689458
0.4790051,1.462283,0.1714544
0.47911,1.452174,0.1745279
0.4791446,1.441911,0.1774241
0.4794121,1.431652,0.1802689
0.4811051,1.408988,0.1856825
0.4811051,1.408988,0.1856825
0.4817581,1.397176,0.1883678
0.4808377,1.372576,0.1956427
0.4802775,1.360259,0.1994877
0.4786422,1.347281,0.2031229
0.4786422,1.347281,0.2031229
0.476274,1.321854,0.2091217
0.4753914,1.308879,0.2114861
0.4753914,1.308879,0.2114861
0.4731795,1.281807,0.2160629
0.4706212,1.267791,0.2192925
0.4706212,1.267791,0.2192925
0.4649273,1.240237,0.2252391
0.4619916,1.226866,0.2274702
0.4592177,1.213558,0.2288076
0.4570251,1.199876,0.2302446
0.4570251,1.199876,0.2302446
0.4545724,1.186593,0.2315778
0.4479808,1.160395,0.2343449
0.444374,1.147377,0.2361269
0.4399653,1.135126,0.2370884
0.4353212,1.122899,0.2383274
0.4353212,1.122899,0.2383274
0.4308017,1.111155,0.2391393
0.4266171,1.099404,0.2393015
0.4224265,1.087911,0.2397684
0.4129892,1.066187,0.2406232
0.4129892,1.066187,0.2406232
0.4019828,1.045558,0.2415372
0.3963293,1.03615,0.241708
0.3963293,1.03615,0.241708
0.3854225,1.018279,0.2422097
0.3854225,1.018279,0.2422097
0.3801286,1.009417,0.242337
0.3744035,1.000984,0.2425743
0.3623883,0.9849511,0.2429558
0.3623883,0.9849511,0.2429558
0.356106,0.9779424,0.2433762
0.3452397,0.9645459,0.2437719
0.3397512,0.9584321,0.2440216
0.333854,0.9526912,0.2444709
0.3275216,0.947188,0.2448643
0.3213584,0.9419397,0.2452805
0.3155001,0.9365673,0.24556
0.3100383,0.9320091,0.2457301
0.3100383,0.9320091,0.2457301
0.3044096,0.927248,0.2460182
0.2924755,0.9199857,0.2473025
0.2924755,0.9199857,0.2473025
0.2797974,0.913101,0.2486719
0.2739599,0.9106722,0.2491508
0.2739599,0.9106722,0.2491508
0.262718,0.9054657,0.2506209
0.2570099,0.9035456,0.2517511
0.2509217,0.9014247,0.2528725
0.2447958,0.9000033,0.2540484
0.2386914,0.8985996,0.2552966
0.2386914,0.8985996,0.2552966
0.2274688,0.8957059,0.2576544
0.2274688,0.8957059,0.2576544
0.2175094,0.8942444,0.2604303
0.2120549,0.8939296,0.2621233
0.2065163,0.8937383,0.2639011
0.2011104,0.8937302,0.2654875
0.1961004,0.8936069,0.2671089
0.1913554,0.893806,0.2686877
0.1871835,0.8939906,0.2702198
0.1833241,0.8942131,0.2719837
0.1833241,0.8942131,0.2719837
0.1747511,0.8951774,0.275766
0.1701384,0.8961535,0.2777399
0.1662176,0.8971674,0.2796281
0.1615297,0.8983138,0.2816585
0.1571865,0.8998175,0.2837551
0.1529781,0.9010418,0.2858146
0.1493339,0.9019662,0.2878217
0.1493339,0.9019662,0.2878217
0.1452418,0.9028862,0.2897628
0.139286,0.9043686,0.2932907
0.1356204,0.9060144,0.2958324
0.1327422,0.90728,0.2984647
0.1294017,0.909339,0.3013987
0.1294017,0.909339,0.3013987
0.1266792,0.9111953,0.3042433
0.1217311,0.9146788,0.3095447
0.1194015,0.9170805,0.3125751
0.1179908,0.9192103,0.3155788
0.1166555,0.9212055,0.3185303
0.1147889,0.9244094,0.322084
0.1147889,0.9244094,0.322084
0.1131665,0.9300072,0.3288725
0.1128356,0.9327832,0.3324803
0.1128356,0.9327832,0.3324803
0.1112396,0.939607,0.3402575
0.112839,0.9426236,0.3438082
0.112839,0.9426236,0.3438082
0.1123335,0.9510879,0.3524504
0.1121063,0.95577,0.3568965
0.1122303,0.9601291,0.3612638
0.1124592,0.9648077,0.3656046
0.1124079,0.9700848,0.3700752
0.1124079,0.9700848,0.3700752
0.1295205,0.9722964,0.3744765
0.1304282,0.9782608,0.379432
0.1309164,0.9841701,0.3841736
0.1315355,0.9897112,0.3888952
0.1319915,0.9957697,0.3934924
0.1319915,0.9957697,0.3934924
0.1327198,1.008445,0.4030707
0.133898,1.014988,0.4075777
0.1345795,1.021364,0.412126
0.1352258,1.028051,0.4165823
0.1360702,1.034543,0.4210425
0.1360702,1.034543,0.4210425
0.1370604,1.048597,0.429783
0.1378475,1.055641,0.4339287
0.1386696,1.062366,0.4379637
0.1386696,1.062366,0.4379637
0.1403827,1.076434,0.4460806
0.1403827,1.076434,0.4460806
0.1418817,1.090772,0.4535661
0.1428197,1.098052,0.4571635
0.1438051,1.105309,0.460705
0.1448723,1.11293,0.4640326
0.1458797,1.120517,0.4672402
0.1466426,1.128651,0.4703494
0.1466426,1.128651,0.4703494
0.1478249,1.144042,0.4765936
0.148335,1.151508,0.4795991
0.1490121,1.159264,0.4825789
0.1493738,1.166638,0.4851327
0.1498383,1.174231,0.4879017
0.1503087,1.182209,0.4902213
0.150571,1.190151,0.4926777
0.151135,1.198299,0.494953
0.151135,1.198299,0.494953
0.1520549,1.215135,0.4993517
0.1521153,1.223437,0.5013429
0.1521111,1.231398,0.503354
0.1519672,1.23885,0.5053211
0.1515103,1.246418,0.5070858
0.1511772,1.253982,0.5087295
0.1509857,1.261787,0.5101996
0.150688,1.269796,0.5116701
0.1505387,1.277768,0.5129379
0.1498966,1.28587,0.5141274
0.149056,1.294162,0.5152122
0.149056,1.294162,0.5152122
0.1458106,1.309679,0.516724
0.1439683,1.317222,0.5174431
0.1423857,1.324852,0.5178585
0.1408242,1.332357,0.5184356
0.1393915,1.340028,0.5189014
0.1378051,1.347782,0.5192648
0.1357681,1.355131,0.5194672
0.1331746,1.362676,0.5198547
0.1296328,1.369457,0.5192076
0.1261457,1.376745,0.518702
0.1225574,1.383482,0.5179517
0.118747,1.389586,0.5168994
0.1153854,1.395879,0.5162371
0.1119971,1.401241,0.5151665
0.1084973,1.407139,0.5142978
0.1047615,1.412206,0.5130116
0.1001207,1.416947,0.5111982
0.09559364,1.421568,0.5096255
0.0900631,1.425231,0.5071998
0.0844162,1.428666,0.5048048
0.07911672,1.431315,0.5025281
0.07395695,1.434308,0.5005303
0.06881978,1.43555,0.4982304
0.0637463,1.437605,0.4960776
0.05841275,1.438266,0.4937445
0.05299082,1.439176,0.4912027
0.04710739,1.438557,0.4882378
0.0414237,1.437476,0.4856923
0.03620476,1.435868,0.4831448
0.03091407,1.434175,0.4804043
0.02561058,1.432402,0.4777973
0.02030353,1.43048,0.4751536
0.01516403,1.427625,0.4726533
0.009755693,1.424292,0.4699232
0.004274622,1.421261,0.4674868
-0.000156701,1.417136,0.4658716
-0.004612431,1.413825,0.4638902
-0.008651987,1.409707,0.4621985
-0.01322579,1.404682,0.4599177
-0.0176225,1.399748,0.4575638
-0.02145402,1.39344,0.4553642
-0.02554858,1.388111,0.4534756
-0.02870674,1.382501,0.4519568
-0.03208753,1.377098,0.4503145
-0.03422323,1.371376,0.4490431
-0.03422323,1.371376,0.4490431
-0.03952673,1.359647,0.4463783
-0.0419367,1.35347,0.4449544
-0.04405437,1.347299,0.4438289
-0.04549746,1.340748,0.4425589
-0.04699273,1.334641,0.4416904
-0.04790114,1.328727,0.4408395
-0.04937477,1.323056,0.4401414
-0.04996984,1.316737,0.4393968
-0.05047682,1.310283,0.4388741
-0.05047682,1.310283,0.4388741
-0.05028714,1.297223,0.4381255
-0.04989283,1.291276,0.438254
-0.04951172,1.285447,0.4381862
-0.04834177,1.279962,0.4380888
-0.047345,1.274235,0.4378641
-0.04546317,1.268503,0.4375746
-0.04381214,1.262437,0.4373363
-0.04381214,1.262437,0.4373363
-0.04024999,1.250777,0.437236
-0.03773162,1.245486,0.4374607
-0.0380895,1.239252,0.4363398
-0.03521541,1.23399,0.436361
-0.03258038,1.22867,0.436285
-0.02988054,1.224063,0.4363817
-0.02698173,1.219768,0.4362882
-0.02698173,1.219768,0.4362882
-0.02057396,1.211488,0.4364271
-0.01701602,1.207113,0.4365207
-0.01366118,1.202457,0.43642
-0.009730875,1.198056,0.4364963
-0.005651191,1.194048,0.4366283
-0.001286879,1.190543,0.4367965
0.003136948,1.187647,0.4371236
0.003136948,1.187647,0.4371236
0.01193739,1.182136,0.4372391
0.01654556,1.179544,0.4368996
0.02138528,1.177058,0.4366958
0.02615635,1.174296,0.4367324
0.03147909,1.172111,0.4368582
0.03647041,1.169974,0.4369564
0.03647041,1.169974,0.4369564
0.0421045,1.168447,0.4370723
0.05359204,1.166677,0.4375729
0.05914031,1.166173,0.4374779
0.06465852,1.165671,0.4370071
0.07031506,1.165216,0.4369104
0.07616764,1.165382,0.4367033
0.082305,1.165557,0.4366091
0.08883585,1.165864,0.4364469
0.09521598,1.166243,0.4363573
0.09521598,1.166243,0.4363573
0.1076791,1.169138,0.4364592
0.1136096,1.171268,0.4364415
0.1197505,1.173093,0.4364874
0.1258803,1.175918,0.4367234
0.1322241,1.179049,0.4368381
0.1384961,1.182541,0.4369287
0.1446177,1.186033,0.436666
0.1505454,1.190147,0.4366055
0.1567149,1.19418,0.4365092
0.1567149,1.19418,0.4365092
0.1697728,1.204069,0.4358695
0.1764311,1.209203,0.4353045
0.182926,1.214921,0.4347478
0.182926,1.214921,0.4347478
0.1953944,1.226709,0.4337378
0.2019393,1.233216,0.4329007
0.2082215,1.239446,0.4321908
0.2082215,1.239446,0.4321908
0.2214108,1.253162,0.4299884
0.2281559,1.260117,0.4286239
0.2348374,1.267287,0.4271454
0.2413774,1.274333,0.4257994
0.2479164,1.281807,0.4240279
0.2544664,1.289247,0.4219752
0.2544664,1.289247,0.4219752
0.2670976,1.304559,0.4173066
0.2733969,1.312045,0.4149802
0.2792691,1.319915,0.4122647
0.2854538,1.327671,0.4096156
0.2912353,1.335513,0.406124
0.2972878,1.343185,0.4029452
0.2972878,1.343185,0.4029452
0.3082522,1.358975,0.3955078
0.3135952,1.367111,0.3917865
0.3185709,1.375332,0.3876413
0.3233595,1.383095,0.3835492
0.3285017,1.390926,0.3792444
0.3335806,1.398551,0.3745913
0.3335806,1.398551,0.3745913
0.3431131,1.413547,0.3648415
0.3479256,1.421072,0.360073
0.3526676,1.428309,0.3548794
0.3570814,1.435558,0.3494855
0.3613014,1.442553,0.3438322
0.365506,1.449495,0.3386351
0.3692588,1.456241,0.3327861
0.3692588,1.456241,0.3327861
0.3762473,1.468502,0.3211995
0.3798892,1.474713,0.3153056
0.3836446,1.480414,0.3093988
0.3875463,1.485835,0.3033376
0.3912297,1.491233,0.2970105
0.3944541,1.496128,0.2906836
0.397491,1.500559,0.2846389
0.4005387,1.504975,0.2785775
0.4031624,1.508894,0.2718995
0.4059245,1.512553,0.2658676
0.4059245,1.512553,0.2658676
0.4117034,1.518264,0.253605
0.4149081,1.520628,0.2473261
0.4180962,1.522399,0.2412008
0.4210302,1.523579,0.2350511
0.4236434,1.524012,0.2293695
0.4263412,1.524928,0.2234533
0.4288933,1.5251,0.2182316
0.4318334,1.525733,0.2123403
0.4349043,1.52529,0.2070982
0.4379675,1.524257,0.2016242
0.4408658,1.522672,0.1962026
0.4434707,1.520705,0.1912695
0.4460797,1.518593,0.1860524
0.4486326,1.51659,0.1812565
0.451476,1.513947,0.1762858
0.4542337,1.510802,0.1716887
0.4570012,1.507499,0.1669848
0.4592288,1.502475,0.1636168
0.4613986,1.498446,0.1599439
0.4637813,1.494529,0.1567022
0.4668611,1.490805,0.1538204
0.4693291,1.486661,0.1506502
0.4716297,1.482113,0.1477663
0.473459,1.476632,0.1455216
0.4753449,1.471188,0.143533
0.477023,1.464963,0.1422562
0.4789069,1.458949,0.1411341
0.4789069,1.458949,0.1411341
0.4835002,1.447749,0.1382137
0.4850287,1.441348,0.1372595
0.4862129,1.434854,0.136345
0.4874835,1.428389,0.1356036
0.4883776,1.421251,0.1354187
0.4895908,1.414357,0.1352836
0.4916096,1.406933,0.1352685
0.4928941,1.399565,0.1355148
0.4944596,1.39254,0.1353667
0.4954973,1.38518,0.1354533
0.4961183,1.377571,0.1360557
0.4966194,1.369874,0.1371051
0.4966194,1.369874,0.1371051
0.4976264,1.353428,0.1399231
0.4982549,1.345187,0.1413238
0.4990017,1.336983,0.1426771
0.4997693,1.328555,0.1438394
0.499824,1.320424,0.14547
0.5004864,1.312133,0.1467519
0.5000601,1.303319,0.1490915
0.4997772,1.294341,0.1517962
0.49938,1.285342,0.1546871
0.49938,1.285342,0.1546871
0.4985436,1.266418,0.1609326
0.4976889,1.257585,0.1636157
0.4971971,1.249024,0.1659895
0.4957102,1.24042,0.1691267
0.4946593,1.231646,0.1721626
0.4927497,1.222595,0.1759914
0.4927497,1.222595,0.1759914
0.4887324,1.20406,0.1841401
0.4863375,1.195134,0.1884564
0.4837559,1.186463,0.1925682
0.4811052,1.17791,0.1966313
0.4788121,1.16973,0.2005548
0.4761691,1.161143,0.2048418
0.4761691,1.161143,0.2048418
0.4690747,1.144293,0.2148114
0.4645842,1.136974,0.2201492
0.4600178,1.129807,0.2255664
0.4553935,1.123015,0.2310188
0.4512832,1.116031,0.2362085
0.4512832,1.116031,0.2362085
0.4429771,1.101203,0.2464953
0.4382145,1.09321,0.2517987
0.4331165,1.08614,0.2572081
0.4271069,1.08023,0.2630994
0.4215841,1.074739,0.2689133
0.4154994,1.06966,0.2748498
0.4154994,1.06966,0.2748498
0.4041649,1.058949,0.2861254
0.3981935,1.05331,0.2918209
0.3922353,1.048055,0.297195
0.3854896,1.043874,0.3028684
0.3792284,1.040648,0.3085909
0.3724961,1.037118,0.3142449
0.3659682,1.033964,0.3199773
0.3659682,1.033964,0.3199773
0.3524101,1.027151,0.3309701
0.3455031,1.024173,0.3363147
0.3389588,1.022414,0.3414689
0.3322062,1.021339,0.3468181
0.3249991,1.020645,0.3523871
0.3178493,1.019818,0.3581442
0.3106118,1.01891,0.364045
0.3035364,1.016949,0.3692699
0.2962423,1.015115,0.3743904
0.2962423,1.015115,0.3743904
0.2828515,1.015342,0.384447
0.2761312,1.016403,0.3895985
0.2694427,1.01724,0.3950551
0.2627258,1.017776,0.400104
0.2559477,1.018358,0.4051022
0.2490288,1.019471,0.4099474
0.2428582,1.020968,0.4147143
0.2363733,1.023112,0.4194998
0.2302085,1.026022,0.424488
0.2237237,1.028297,0.4296209
0.2177149,1.030973,0.4344931
0.2177149,1.030973,0.4344931
0.2063485,1.03817,0.4441913
0.2012752,1.042728,0.4490208
0.1957886,1.048067,0.4542894
0.1911488,1.052881,0.4592936
0.18612,1.05858,0.4645339
0.1814636,1.063635,0.4694996
0.1767322,1.069944,0.4749621
0.1767322,1.069944,0.4749621
0.1684293,1.083432,0.485247
0.1650778,1.092719,0.490458
0.1858465,1.088608,0.4892666
0.182392,1.09667,0.4942574
0.1801049,1.104891,0.4992502
0.1801049,1.104891,0.4992502
0.177887,1.113927,0.504235
0.1742417,1.133556,0.5140429
0.1724446,1.144396,0.5186015
0.1705171,1.154627,0.5232759
0.1705171,1.154627,0.5232759
0.167717,1.176002,0.5322092
0.1662614,1.187539,0.5364653
0.1655777,1.199983,0.5402524
0.1645915,1.211979,0.544122
0.1646954,1.224869,0.5474396
0.164404,1.237903,0.5504275
0.1637411,1.25102,0.5534171
0.1637411,1.25102,0.5534171
0.1620309,1.277935,0.5587684
0.161547,1.291164,0.5612531
0.1612946,1.304633,0.5631154
0.1612946,1.304633,0.5631154
0.1603373,1.331133,0.5658135
0.1593946,1.345052,0.5662886
0.1585163,1.358859,0.5669142
0.1580453,1.372414,0.5664087
0.1581007,1.38503,0.5665532
0.1576247,1.398059,0.5670145
0.1578194,1.411189,0.5663909
0.1586442,1.424132,0.5651683
0.1588908,1.43709,0.5641062
0.1582998,1.448169,0.5630828
0.1582998,1.448169,0.5630828
0.1545539,1.468484,0.5621588
0.1526095,1.478359,0.561535
0.1519053,1.488018,0.5603968
0.1521129,1.497187,0.5583429
0.1530389,1.506909,0.5553811
0.1534494,1.516149,0.5528811
0.1528758,1.525391,0.5506492
0.1528758,1.525391,0.5506492
0.1488181,1.538412,0.5479865
0.1469176,1.543694,0.5468361
0.1456465,1.548906,0.5456263
0.1453258,1.553819,0.5437785
0.1453258,1.553819,0.5437785
0.1437805,1.564938,0.5390794
0.1419137,1.570267,0.536488
0.1399682,1.574808,0.5341278
0.1371983,1.578042,0.5330302
0.1344293,1.580012,0.5324723
0.1344293,1.580012,0.5324723
0.1307396,1.585384,0.5303755
0.1283262,1.58719,0.5292071
0.1259615,1.588048,0.528611
0.1234783,1.589388,0.527808
0.1209465,1.590806,0.5270237
0.1185597,1.592377,0.5260815
0.1166888,1.594149,0.5253561
0.1151237,1.595574,0.5245016
0.1151237,1.595574,0.5245016
0.1116886,1.599047,0.5226538
0.1089215,1.600587,0.5214789
0.1050932,1.60184,0.5201737
0.1013552,1.602822,0.5190083
0.09737857,1.603719,0.5178494
0.09376229,1.604334,0.5171407
0.09083661,1.605439,0.5164013
0.08816779,1.606312,0.5161622
0.08476385,1.606995,0.5156789
0.08049182,1.607014,0.5150089
0.07541476,1.606907,0.513824
0.06949819,1.606223,0.5119736
0.06949819,1.606223,0.5119736
0.0583195,1.606532,0.5102383
0.05354053,1.606526,0.5096588
0.04963048,1.606703,0.508998
0.04517637,1.606188,0.508317
0.04000899,1.605124,0.5074125
0.03469147,1.603677,0.5063387
0.02912673,1.601991,0.5053775
0.02425133,1.600117,0.5047333
0.01924402,1.598833,0.5041375
0.01508918,1.597527,0.5033607
0.01036154,1.59616,0.5024146
0.005756304,1.594015,0.5013275
0.001048461,1.591936,0.5004706
-0.00341098,1.589419,0.4996976
-0.007378742,1.586925,0.498994
-0.01128002,1.584623,0.4981092
-0.01128002,1.584623,0.4981092
-0.01882224,1.58058,0.4957398
-0.02235921,1.577984,0.4940683
-0.02708465,1.574677,0.4911845
-0.03006889,1.571012,0.4897266
-0.03238288,1.567147,0.4884801
-0.03433356,1.563077,0.4876045
-0.03819981,1.560455,0.4875776
-0.0400624,1.557294,0.486378
-0.04122283,1.553233,0.4843268
-0.04337722,1.549211,0.4825778
-0.04408076,1.544643,0.4809293
-0.04408076,1.544643,0.4809293
-0.0452047,1.535793,0.4786755
-0.04505938,1.531623,0.4782043
-0.04386206,1.527528,0.4777828
-0.04317962,1.523741,0.477795
-0.04148379,1.520053,0.4772541
-0.0388442,1.515906,0.4766938
-0.03675376,1.511971,0.4759438
-0.03305927,1.508332,0.47599
-0.0284891,1.504853,0.4763935
-0.0284891,1.504853,0.4763935
-0.01930468,1.498967,0.4781341
-0.01397288,1.49677,0.4794407
-0.008707374,1.494232,0.4804009
-0.003022358,1.491877,0.4809155
0.003302261,1.489686,0.4817469
0.00984779,1.487694,0.4826384
0.01644252,1.485704,0.4837774
0.01644252,1.485704,0.4837774
0.03162977,1.482868,0.486779
0.03978783,1.481979,0.4880093
0.04812664,1.481307,0.4888637
0.05658226,1.480351,0.4894736
0.06465035,1.479642,0.4903781
0.07370862,1.479107,0.4909241
0.07370862,1.479107,0.4909241
0.0928643,1.47859,0.4920076
0.1026433,1.478453,0.4919599
0.1124854,1.478122,0.4919981
0.1225639,1.478096,0.4912103
0.1328838,1.478019,0.4904972
0.1431803,1.478218,0.489414
0.1431803,1.478218,0.489414
0.1641462,1.478728,0.4873801
0.1750603,1.478895,0.4858329
0.1856556,1.479144,0.4841589
0.1967412,1.479771,0.4816067
0.2075329,1.480155,0.4791048
0.2075329,1.480155,0.4791048
0.2286664,1.480846,0.4734451
0.239239,1.481494,0.4701384
0.2501101,1.482213,0.467126
0.2607197,1.482996,0.4633937
0.2713882,1.483773,0.4595008
0.2713882,1.483773,0.4595008
0.2925591,1.484656,0.4506521
0.3030294,1.485293,0.4463964
0.3130536,1.485842,0.4415338
0.3229505,1.486551,0.4366902
0.3326965,1.487316,0.4316081
0.3326965,1.487316,0.4316081
0.3521881,1.488734,0.4211155
0.3621513,1.489189,0.4152426
0.3716646,1.489859,0.4097161
0.3812163,1.490716,0.4037024
0.3903833,1.491509,0.3976302
0.3903833,1.491509,0.3976302
0.4073793,1.492813,0.385149
0.4158344,1.49363,0.3790275
0.4240542,1.494462,0.3725555
0.4319151,1.495007,0.3660297
0.4395987,1.495618,0.3595168
0.4395987,1.495618,0.3595168
0.4471117,1.496341,0.3528855
0.4610313,1.497701,0.3396809
0.4679522,1.498353,0.3331678
0.4745063,1.498851,0.3264136
0.4811025,1.499551,0.3198123
0.4811025,1.499551,0.3198123
0.4932313,1.500932,0.306338
0.4990346,1.501611,0.2995097
0.5046498,1.502083,0.2927272
0.5103204,1.502682,0.2857129
0.5162261,1.503226,0.2789603
0.5213356,1.503604,0.2721132
0.5213356,1.503604,0.2721132
0.5311962,1.504956,0.2585866
0.5359589,1.505499,0.2519665
0.5400773,1.506126,0.2456551
0.5443494,1.50692,0.2392086
0.5487533,1.507583,0.232779
0.5530003,1.507788,0.2261426
0.5570942,1.507763,0.2195264
0.5570942,1.507763,0.2195264
0.5649601,1.508626,0.2064967
0.5678815,1.509437,0.2005326
0.5707527,1.510554,0.1947895
0.5732019,1.511549,0.1889812
0.5761726,1.512208,0.1830705
0.579404,1.512763,0.1767997
0.5825809,1.512639,0.1705419
0.5846677,1.512004,0.1647921
0.5868608,1.512344,0.1594314
0.5889201,1.514141,0.154062
0.5910613,1.515285,0.148787
0.592997,1.516599,0.1435529
0.5945737,1.517346,0.1387653
0.5962344,1.517838,0.1335182
0.597662,1.517964,0.1284369
0.5989273,1.518377,0.1237773
0.5995293,1.51924,0.1193718
0.6002603,1.520359,0.1152476
0.6007451,1.521706,0.1110329
0.6009148,1.522931,0.1078653
0.604737,1.523328,0.1027922
0.6047587,1.524503,0.1001188
0.6047497,1.526355,0.09756088
0.6051316,1.528019,0.09430692
0.604832,1.52982,0.09236402
0.6040695,1.532086,0.09031074
0.6040695,1.532086,0.09031074
0.6028008,1.537436,0.08634768
0.6018323,1.540577,0.08534027
0.6003906,1.544526,0.08451192
0.5993294,1.547781,0.08339333
0.5979492,1.551148,0.08331524
0.5964093,1.55496,0.08275719
0.5946034,1.558488,0.08328355
0.5925791,1.562082,0.08341639
0.5902324,1.56605,0.08437439
0.5877039,1.570387,0.08465776
0.5854175,1.574665,0.08547264
0.5830483,1.579142,0.08600157
0.5808393,1.58305,0.08676515
0.5853316,1.586509,0.08523948
0.5828955,1.590974,0.08630628
0.5810977,1.595532,0.08726288
0.5788423,1.599826,0.08829213
0.5762712,1.603839,0.08993328
0.5740154,1.608152,0.0908781
0.5715989,1.612192,0.09232597
0.5687611,1.616175,0.09386458
0.5661918,1.619972,0.0955476
0.5631983,1.623984,0.09736067
0.5601935,1.627693,0.09939964
0.5570968,1.630819,0.1018262
0.5538408,1.634154,0.1040518
0.5538408,1.634154,0.1040518
0.5474806,1.640471,0.1083902
0.5446198,1.643039,0.1105105
0.5416306,1.645258,0.112934
0.5388339,1.647493,0.1154115
0.5358049,1.648968,0.1186138
0.532678,1.650654,0.1217968
0.5296652,1.65175,0.1253729
0.5272306,1.65269,0.1287282
0.5251374,1.653422,0.1318024
0.5225127,1.65447,0.1347769
0.5200068,1.6551,0.1379153
0.5173379,1.65558,0.1408752
0.5150487,1.655673,0.1441466
0.5150487,1.655673,0.1441466
0.5099049,1.655432,0.1515879
0.5081915,1.654502,0.1555455
0.5062823,1.65382,0.1594711
0.505106,1.652555,0.1634091
0.5037123,1.651233,0.1672953
0.5021097,1.650214,0.1708293
0.5003201,1.648769,0.1745956
0.498472,1.647402,0.1786173
0.4965085,1.64561,0.182894
0.4947184,1.643758,0.1871819
0.4933835,1.641671,0.1911344
0.4921614,1.639434,0.1951396
0.4921614,1.639434,0.1951396
0.4901635,1.634733,0.2027094
0.4892456,1.631907,0.2065114
0.4877224,1.628976,0.2106989
0.4863466,1.626149,0.2148862
0.4847068,1.622944,0.2193481
0.4833558,1.619705,0.2236286
0.48249,1.616408,0.2275459
0.481654,1.612928,0.2316113
0.4813214,1.609303,0.2351544
0.480634,1.606118,0.2389281
0.4798688,1.602584,0.2426697
0.4787627,1.598812,0.2466144
0.4780061,1.595169,0.2505955
0.4770848,1.591403,0.2543239
0.4762499,1.587568,0.2580342
0.4754534,1.583712,0.2614208
0.4746494,1.580088,0.264993
0.4740485,1.5762,0.2681081
0.4736025,1.572398,0.2711974
0.473108,1.568723,0.2742256
0.4726542,1.564894,0.2771804
0.4719024,1.561058,0.2804515
0.4711513,1.556978,0.2833438
0.4702964,1.552929,0.2865194
0.469537,1.549049,0.2892482
0.4689169,1.545149,0.2921029
0.4683622,1.541002,0.2947733
0.467631,1.536976,0.2975527
0.4668661,1.532881,0.3002552
0.4668661,1.532881,0.3002552
0.4656566,1.524971,0.3052995
0.4650028,1.521069,0.3074581
0.4642961,1.517334,0.3097472
0.4634929,1.5132,0.312027
0.4625526,1.508919,0.3144121
0.4616787,1.504686,0.3167593
0.4609898,1.500577,0.3187395
0.4604198,1.496543,0.3208171
0.4598307,1.49241,0.3226534
0.4592238,1.488302,0.3246431
0.4585208,1.484149,0.3265376
0.4578782,1.480119,0.3285404
0.4571646,1.476057,0.3303437
0.4564529,1.471916,0.3322587
0.4555759,1.467788,0.3339612
0.4546026,1.463883,0.3356646
0.4538802,1.460062,0.3371268
0.4533401,1.456195,0.3387585
0.4528175,1.452406,0.3403232
0.4519898,1.448449,0.3418421
0.4509361,1.444596,0.3435329
0.4500933,1.440951,0.3449947
0.4495154,1.43742,0.3464026
0.4489669,1.434012,0.3477311
0.448283,1.430575,0.349067
0.4473909,1.42711,0.3506002
0.4465053,1.423806,0.3519052
0.445826,1.420644,0.3533488
0.4452894,1.41776,0.3545014
0.4446723,1.415051,0.3557536
0.4440001,1.412281,0.3571216
0.4431407,1.409559,0.3583979
0.4421944,1.407047,0.3596208
0.4413916,1.404515,0.3608317
0.4406198,1.402104,0.3620231
0.439931,1.400319,0.363129
0.4392645,1.39833,0.3642175
0.4384035,1.396292,0.3653395
0.4374949,1.394297,0.3664685
0.4363386,1.392442,0.3675569
0.4353668,1.3907,0.3686057
0.4346102,1.389139,0.3695689
0.4346102,1.389139,0.3695689
0.4324924,1.386168,0.3717253
0.4313202,1.384446,0.3727747
0.4298936,1.382826,0.3739803
0.428904,1.381275,0.3750186
0.4228232,1.381159,0.377416
0.4218187,1.37988,0.3783373
0.4207075,1.378579,0.3793775
0.4194774,1.377132,0.3804148
0.4181386,1.375755,0.3814879
0.4167806,1.374199,0.3825606
0.4156073,1.372806,0.3835485
0.414631,1.371444,0.3845844
0.413037,1.370374,0.3857343
0.4121054,1.369267,0.3866279
0.4107269,1.368153,0.387606
0.4092568,1.367008,0.3886735
0.407975,1.365784,0.3895862
0.4067857,1.364546,0.3904535
0.4054547,1.363371,0.3914194
0.4042795,1.362318,0.3923663
0.4031469,1.361293,0.3933271
0.4019648,1.360173,0.3942459
0.4007603,1.359021,0.3952119
0.398964,1.35807,0.3962698
0.3977391,1.356981,0.3972527
0.396372,1.355702,0.3982213
0.3948967,1.35461,0.399197
0.3934754,1.353582,0.4001516
0.3920748,1.352776,0.401218
0.3907119,1.351725,0.402315
0.3889449,1.350702,0.4034965
0.387458,1.349635,0.4044417
0.3860659,1.348722,0.4055483
0.3846423,1.347768,0.4066495
0.383188,1.346864,0.4077998
0.3814512,1.346057,0.4088952
0.3797456,1.345305,0.4099462
0.3780602,1.344438,0.4108922
0.37641,1.343619,0.4119784
0.3747912,1.342951,0.4130496
0.3732122,1.342258,0.4141496
0.3714514,1.341685,0.4153583
0.3703008,1.341004,0.4162958
0.3685726,1.340354,0.4174885
0.3667058,1.339851,0.4185977
0.3650003,1.339477,0.4197916
0.3632232,1.339233,0.4209054
0.3614163,1.338819,0.4220133
0.3596077,1.338595,0.4231595
0.3575848,1.338532,0.4244394
0.3558655,1.338367,0.4255643
0.3539664,1.338452,0.4268713
0.3522367,1.338391,0.4280295
0.3503384,1.338427,0.4291751
0.3486298,1.338386,0.4302377
0.3469726,1.338548,0.4312838
0.3453842,1.338834,0.4322524
0.3438615,1.339264,0.4332661
0.3422765,1.339506,0.4343316
0.3405918,1.3398,0.435298
0.3389107,1.339992,0.4363364
0.3371238,1.340383,0.43737
0.3356004,1.340769,0.4383599
0.3343084,1.341238,0.4394486
0.332818,1.34154,0.4404249
0.3312721,1.341955,0.4412966
0.3292827,1.3425,0.4422733
0.3276168,1.34297,0.4432576
0.3260436,1.343573,0.4441519
0.3246618,1.344011,0.445034
0.3232034,1.344469,0.4458598
0.3218498,1.344755,0.4466348
0.320502,1.345099,0.4475883
0.3192568,1.34543,0.4483364
0.3180132,1.345832,0.4490987
0.3167107,1.346393,0.4498169
0.3153225,1.346921,0.4506181
0.3135055,1.34738,0.4514123
0.3115298,1.347968,0.4523202
0.3099294,1.348687,0.4529572
0.3084343,1.349372,0.4536931
0.3070976,1.349986,0.4544477
0.3056316,1.350484,0.4551699
0.3041807,1.351008,0.4558226
0.3023506,1.351645,0.456543
0.3005652,1.352368,0.4571691
0.298737,1.353155,0.4578245
0.2967529,1.354155,0.4584491
0.2947988,1.355343,0.4590734
0.2929854,1.356362,0.4596146
0.2909892,1.357661,0.4602759
0.2890281,1.358885,0.4609439
0.2869071,1.360317,0.4616227
0.2846856,1.361825,0.4623696
0.2823965,1.363384,0.4630725
0.2799769,1.365285,0.4635722
0.2774372,1.367312,0.4642191
0.2749838,1.369493,0.4648194
0.2725133,1.371838,0.4654512
0.2701545,1.374103,0.4661834
0.2676518,1.376467,0.4668146
0.2650451,1.379063,0.4674908
0.2625859,1.381745,0.4680249
0.2601497,1.384321,0.4687118
0.2574248,1.387175,0.4693422
0.2545633,1.390162,0.4699838
0.251809,1.393211,0.4706386
0.2490214,1.396287,0.4714558
0.2462604,1.399527,0.4721699
0.2434016,1.40287,0.4728676
0.2405921,1.406436,0.4735545
0.2377634,1.410079,0.4741398
0.2348564,1.413572,0.4746087
0.2314993,1.417216,0.4753637
0.2283422,1.420787,0.4759516
0.2252723,1.424603,0.4765097
0.2223014,1.428449,0.4770876
0.2194287,1.43229,0.4776119
0.216628,1.43636,0.4780543
0.2136851,1.440425,0.4783353
0.2107834,1.444385,0.4785857
0.2078761,1.448183,0.4788496
0.2045338,1.452166,0.4791226
0.2018136,1.455929,0.4790648
0.1991197,1.459839,0.4791429
0.1966159,1.463684,0.4793199
0.1940978,1.467556,0.4794256
0.1916446,1.471253,0.479515
0.1890723,1.474946,0.479565
0.18613,1.478341,0.4794416
0.1833494,1.481701,0.4793765
0.1806724,1.485291,0.4791037
0.1781834,1.488516,0.4789034
0.1757761,1.491734,0.4786558
0.1733638,1.494623,0.4785419
0.1710502,1.497652,0.4783727
0.1690863,1.500335,0.4780308
0.1669899,1.502757,0.4779338
0.164764,1.505213,0.4778161
0.1625034,1.507244,0.4775887
0.1600831,1.509117,0.4771985
0.1576726,1.510823,0.4768226
0.1553841,1.512651,0.4764351
0.1531689,1.514018,0.4761704
0.1510756,1.515206,0.4759875
0.1490682,1.516166,0.4758857
0.1467585,1.517366,0.475794
0.1445547,1.51779,0.4756807
0.1420615,1.517843,0.4756893
0.1392982,1.517425,0.4757004
0.1363884,1.51655,0.4758921
0.1335444,1.515765,0.4760746
0.1302207,1.514425,0.4761692
0.1263481,1.512628,0.4761541
0.1222997,1.51011,0.4761024
0.1179439,1.507825,0.4760665
0.1136078,1.505505,0.4761994
0.1088386,1.502095,0.4766062
0.1039731,1.499045,0.4769898
0.09828497,1.494797,0.4774117
0.09259701,1.490787,0.4776553
0.08681627,1.485895,0.4776086
0.08099011,1.481475,0.4781006
0.07436425,1.475992,0.478611
0.06813633,1.471091,0.4788327
0.06129204,1.46546,0.4788457
0.05363685,1.458384,0.4785187
0.04631002,1.451744,0.4782886
0.03841844,1.444239,0.4777704
0.03088041,1.437068,0.4773027
0.02326544,1.429081,0.4767592
0.0160423,1.422003,0.4765585
0.008610174,1.41409,0.4764397
0.001248911,1.405826,0.4763074
-0.007101826,1.396073,0.4756106
-0.01612474,1.384252,0.4735993
-0.02488498,1.373747,0.4718569
-0.03335038,1.363337,0.4701796
-0.0411016,1.353096,0.4685591
-0.04893792,1.343235,0.4672026
-0.05625488,1.333035,0.4654006
-0.06432538,1.321867,0.4626573
-0.07278103,1.308999,0.4588568
-0.08109362,1.296231,0.4550274
-0.08941665,1.282942,0.450508
-0.09718674,1.271204,0.4466598
-0.1037498,1.260435,0.4433228
-0.1108727,1.248803,0.4398447
-0.1176908,1.23729,0.4349866
-0.1245304,1.224239,0.4286599
-0.1314592,1.211292,0.4217815
-0.138242,1.198797,0.415674
-0.1439635,1.187264,0.4097137
-0.149578,1.176849,0.4045537
-0.1548154,1.166891,0.3993866
-0.159836,1.157033,0.3931271
-0.1653332,1.14631,0.3864254
-0.1692328,1.135679,0.3789096
-0.1743048,1.124344,0.3708855
-0.1778074,1.113798,0.363009
-0.1813031,1.104148,0.3553555
-0.1842164,1.095357,0.3482353
-0.1872915,1.087373,0.34106
-0.1898178,1.079339,0.3337359
-0.1920225,1.07128,0.3261741
-0.1943993,1.062752,0.3183981
-0.1955886,1.054698,0.311052
-0.1973935,1.04652,0.3036267
-0.1979139,1.039291,0.2963443
-0.1984091,1.032875,0.2889983
-0.1981729,1.027526,0.2822732
-0.1989481,1.020851,0.275261
-0.1985193,1.016146,0.2688199
-0.19832,1.011391,0.2628133
-0.1986866,1.006388,0.2570224
-0.1990428,1.002816,0.2527694
-0.1992282,0.999545,0.248102
-0.1993991,0.9960623,0.2436229
-0.1994201,0.9936602,0.2397328
-0.199398,0.9918249,0.2362794
-0.1994192,0.9897672,0.2329657
-0.1994556,0.9898862,0.2307784
-0.1997339,0.9896631,0.2289897
-0.2002606,0.9893333,0.2271055
-0.2009229,0.9902705,0.2262513
-0.2018022,0.9916403,0.2255252
-0.2026121,0.992853,0.2245509
-0.20387,0.995098,0.2244441
-0.2053512,0.9977214,0.2247824
-0.206907,1.000118,0.2250255
-0.2087894,1.003649,0.2260137
-0.2113764,1.008687,0.2273325
-0.213514,1.012745,0.2281827
-0.2163093,1.018095,0.2295005
-0.219213,1.024014,0.230977
-0.2222047,1.030045,0.2322817
-0.2256465,1.037344,0.2339224
-0.2294388,1.045557,0.2355735
-0.2330204,1.053628,0.2369699
-0.2372961,1.064446,0.2385847
-0.240917,1.074054,0.2396233
-0.2447215,1.085319,0.240516
-0.2489114,1.097728,0.2415442
-0.2530831,1.110954,0.2424305
-0.2570626,1.123927,0.2430034
-0.2610576,1.138625,0.2433361
-0.2648228,1.153683,0.243545
-0.2687376,1.169542,0.2435892
-0.2723419,1.185601,0.2434645
-0.2761188,1.201598,0.2435054
-0.2795178,1.21918,0.242894
-0.2825852,1.236969,0.2419968
-0.2855964,1.254436,0.2410964
-0.2877287,1.272428,0.2395679
-0.2892737,1.290606,0.2376007
-0.2906475,1.308585,0.2356984
