0.3701326,1.286114,-0.2346872
0.3679066,1.285641,-0.2353595
0.3668519,1.284794,-0.2363985
0.3668519,1.284794,-0.2363985
0.3642974,1.283651,-0.2376365
0.3637645,1.283404,-0.2374869
0.3627078,1.283262,-0.2378317
0.3623856,1.283507,-0.2376538
0.3614088,1.283659,-0.2380011
0.3604342,1.283729,-0.2383933
0.3594646,1.283789,-0.2386834
0.3583677,1.28371,-0.2389034
0.3586841,1.283713,-0.2387379
0.3576311,1.28353,-0.2388481
0.3568496,1.283472,-0.2391422
0.3558766,1.283285,-0.2395414
0.3549461,1.282734,-0.2399015
0.3535559,1.28232,-0.2405446
0.3526531,1.281819,-0.2407904
0.3518028,1.281466,-0.2409866
0.3509351,1.281183,-0.2411007
0.3500236,1.280787,-0.2410025
0.3491041,1.280246,-0.2408918
0.3481466,1.27931,-0.2404643
0.3475831,1.27851,-0.239243
0.3464892,1.277245,-0.2379467
0.3473142,1.276255,-0.2360328
0.3463549,1.275182,-0.2345714
0.345449,1.274099,-0.2327336
0.3446164,1.272992,-0.23061
0.3438173,1.271738,-0.2285786
0.3430108,1.270079,-0.2258402
0.3457391,1.268381,-0.2212039
0.3449586,1.266522,-0.2175941
0.3443924,1.265339,-0.2141593
0.3437947,1.263909,-0.2106533
0.346629,1.262615,-0.2050349
0.3480968,1.261631,-0.1998576
0.3477097,1.260539,-0.1953686
0.3489158,1.25925,-0.1897878
0.3485987,1.258488,-0.1844467
0.3484579,1.257827,-0.1791192
0.3482586,1.257308,-0.173686
0.3482079,1.257062,-0.1681264
0.3481532,1.256939,-0.1626172
0.3482583,1.25749,-0.1566817
0.3485536,1.258535,-0.1506841
0.409299,1.254607,-0.1135813
0.4106057,1.256295,-0.1068849
0.4121274,1.257902,-0.09985267
0.4133388,1.259519,-0.09315439
0.4143144,1.261483,-0.08587024
0.415167,1.263243,-0.07825689
0.4162208,1.265414,-0.0711191
0.4173602,1.268279,-0.0637525
0.4179099,1.27083,-0.05653333
0.4189236,1.273808,-0.0491275
0.4193265,1.276802,-0.04121602
0.4196625,1.280232,-0.0332984
0.4196625,1.280232,-0.0332984
0.4200878,1.288024,-0.0173054
0.4204762,1.292276,-0.009410471
0.4206729,1.297441,-0.00158982
0.4209701,1.301956,0.006173238
0.420792,1.306518,0.01404643
0.420792,1.306518,0.01404643
0.4189924,1.314502,0.03030799
0.4172143,1.318225,0.03889397
0.415428,1.321936,0.04746515
0.4133723,1.32625,0.05611703
0.4116041,1.330332,0.06475188
0.4090566,1.334639,0.07336837
0.4067026,1.338095,0.08210124
0.4038261,1.341683,0.09085914
0.400256,1.34382,0.09978554
0.3967452,1.345654,0.1087918
0.3967452,1.345654,0.1087918
0.3892177,1.348646,0.1265208
0.3845646,1.348745,0.1355143
0.3797633,1.347255,0.1447536
0.3749495,1.346263,0.1540427
0.3695667,1.343188,0.1636782
0.3652619,1.340669,0.1726736
0.3652619,1.340669,0.1726736
0.3538295,1.331407,0.1906036
0.3476627,1.325335,0.1990344
0.3413857,1.318099,0.2071223
0.3413857,1.318099,0.2071223
0.3311805,1.300799,0.2220272
0.3256811,1.292093,0.2298763
0.320566,1.280524,0.2364538
0.320566,1.280524,0.2364538
0.3071181,1.254502,0.2481169
0.3007422,1.241882,0.253691
0.3007422,1.241882,0.253691
0.2879883,1.214551,0.2639921
0.2811636,1.200534,0.2693776
0.2811636,1.200534,0.2693776
0.2663493,1.17156,0.2788704
0.2575286,1.156885,0.2819109
0.2575286,1.156885,0.2819109
0.2394758,1.128547,0.288715
0.2394758,1.128547,0.288715
0.2212115,1.100832,0.2939172
0.2212115,1.100832,0.2939172
0.2030234,1.074389,0.2974179
0.2030234,1.074389,0.2974179
0.1871557,1.048147,0.2978327
0.1795908,1.034989,0.2962682
0.1795908,1.034989,0.2962682
0.1625022,1.010208,0.2921613
0.1542545,0.9984512,0.2895037
0.1542545,0.9984512,0.2895037
0.1397399,0.9755989,0.2848605
0.1331632,0.963829,0.2827524
0.1331632,0.963829,0.2827524
0.1234423,0.9389263,0.2744889
0.1167098,0.9288822,0.2695263
0.1167098,0.9288822,0.2695263
0.1050458,0.9086295,0.2630042
0.1014191,0.8987976,0.2598542
0.09780744,0.889031,0.2563369
0.09780744,0.889031,0.2563369
0.08924652,0.8713684,0.2467606
0.08495702,0.8639908,0.2414964
0.08066778,0.8573405,0.2368857
0.07632463,0.850493,0.2329973
0.0720937,0.8448626,0.2300067
0.0720937,0.8448626,0.2300067
0.06345363,0.8351943,0.2250906
0.05857086,0.8302276,0.2222923
0.05391113,0.8255113,0.2193187
0.04826689,0.8227795,0.2165453
0.04331808,0.8210805,0.2142767
0.03882254,0.8203249,0.2127528
0.0347805,0.8191754,0.2114646
0.03181568,0.8193671,0.2111457
0.03181568,0.8193671,0.2111457
0.02674894,0.8216119,0.2091075
0.02455389,0.8237704,0.2089484
0.02362144,0.8259493,0.2098369
0.02204943,0.8281782,0.2112012
0.02155547,0.8317712,0.214285
0.02063606,0.836556,0.2175491
0.01960279,0.842977,0.2212093
0.01935555,0.8505195,0.2255898
0.01944794,0.8591233,0.2302563
0.01965416,0.8673552,0.234945
0.02163179,0.8774728,0.240923
0.0239457,0.8883798,0.2476392
0.0239457,0.8883798,0.2476392
0.02763197,0.9127679,0.2616335
0.02938443,0.9262691,0.2687777
0.03071317,0.9428136,0.2771429
0.03252919,0.961335,0.2863159
0.03252919,0.961335,0.2863159
0.03597288,0.9943299,0.3045779
0.03798789,1.011236,0.3147086
0.03798789,1.011236,0.3147086
0.04105929,1.049763,0.3385907
0.0424318,1.07049,0.3502235
0.0424318,1.07049,0.3502235
0.04437359,1.114392,0.3717903
0.04542366,1.137473,0.3816106
0.04542366,1.137473,0.3816106
0.04666646,1.182643,0.3987349
0.04666646,1.182643,0.3987349
0.04716487,1.228295,0.4133552
0.04716487,1.228295,0.4133552
0.04758337,1.276002,0.4239624
0.04758337,1.276002,0.4239624
0.04816076,1.324131,0.4314539
0.04816076,1.324131,0.4314539
0.04863104,1.368079,0.4368226
0.04863104,1.368079,0.4368226
0.04766048,1.408235,0.4380403
0.04766048,1.408235,0.4380403
0.04552796,1.441765,0.4353394
0.04552796,1.441765,0.4353394
0.04267192,1.468251,0.4309888
0.04267192,1.468251,0.4309888
0.03963594,1.489375,0.4227312
0.03888413,1.498769,0.4186822
0.03888413,1.498769,0.4186822
0.03785098,1.51582,0.409862
0.03814593,1.521769,0.4049383
0.03814593,1.521769,0.4049383
0.03857869,1.528159,0.3956512
0.03796907,1.527424,0.3901849
0.03745241,1.526541,0.3856007
0.03745241,1.526541,0.3856007
0.03869022,1.524663,0.3792275
0.04005331,1.523891,0.3766757
0.04216918,1.520929,0.373941
0.04216918,1.520929,0.373941
0.04585372,1.518781,0.3670675
0.04811093,1.518199,0.3642942
0.04974136,1.516756,0.3616681
0.04974136,1.516756,0.3616681
0.05296233,1.514151,0.3586314
0.05376431,1.513865,0.357203
0.05525035,1.514843,0.3554187
0.05525035,1.514843,0.3554187
0.05628286,1.515768,0.3537478
0.05878821,1.519685,0.3514046
0.06070828,1.523007,0.3505898
0.06226724,1.525969,0.3499993
0.06420554,1.530403,0.349761
0.06619906,1.533501,0.3488861
0.06824476,1.537836,0.3481689
0.07107845,1.541954,0.3472949
0.07355177,1.546239,0.3463115
0.07639238,1.550845,0.3452657
0.08066757,1.556496,0.3438561
0.08432606,1.562005,0.3423808
0.08826052,1.567333,0.3404932
0.09310706,1.57323,0.3383045
0.09725556,1.578185,0.3364218
0.1015726,1.582948,0.3347975
0.1058426,1.58733,0.3333144
0.1112167,1.590355,0.3319818
0.1160405,1.593471,0.3309323
0.1215985,1.595479,0.3300022
0.1277069,1.596237,0.3294978
0.1336518,1.597443,0.3289691
0.1404879,1.596405,0.3291531
0.1477229,1.594497,0.3295163
0.1548227,1.590896,0.3300981
0.1613284,1.586442,0.3306619
0.1673754,1.575978,0.3315138
0.1730885,1.567237,0.3325699
0.1780856,1.554507,0.3346974
0.1834652,1.539599,0.337346
0.1892065,1.524586,0.3399502
0.1949583,1.51029,0.3419763
0.2005565,1.493581,0.3444202
0.2051693,1.475427,0.3471661
0.2081142,1.455278,0.3495911
0.2099767,1.43358,0.3519303
0.2104225,1.411083,0.3541557
0.2116207,1.389857,0.3568673
0.2126904,1.368324,0.3588283
0.2130598,1.34597,0.361127
0.212286,1.322971,0.3622804
0.2120038,1.300386,0.3640565
0.2097816,1.27654,0.3622665
0.2082544,1.254957,0.3615893
0.2060948,1.234449,0.3602157
0.2042741,1.216348,0.3580511
0.2018691,1.198246,0.356541
0.1993636,1.180832,0.3547997
0.1963733,1.163289,0.3529325
0.1963733,1.163289,0.3529325
0.1921989,1.135059,0.34773
0.1882349,1.123675,0.3457605
0.1856417,1.11335,0.3421491
0.1856417,1.11335,0.3421491
0.1815624,1.091937,0.3376433
0.1808179,1.081553,0.3351113
0.1798626,1.071045,0.3320881
0.1798626,1.071045,0.3320881
0.1783533,1.055953,0.3266635
0.1770175,1.049831,0.3244227
0.1765068,1.04876,0.3237067
0.1760725,1.046333,0.3220681
0.1760725,1.046333,0.3220681
0.1778851,1.042102,0.3192338
0.1802133,1.042094,0.3176631
0.1815321,1.042116,0.3163784
0.1844845,1.047153,0.3157801
0.1844845,1.047153,0.3157801
0.1894945,1.058768,0.3160335
0.192001,1.068117,0.3174853
0.1947414,1.078846,0.3192329
0.1974235,1.088205,0.3205682
0.2008772,1.100536,0.322076
0.2008772,1.100536,0.322076
0.207406,1.127051,0.324124
0.2111474,1.143589,0.3256983
0.2155887,1.161242,0.3275199
0.2201264,1.179778,0.3278233
0.2250627,1.199517,0.3275163
0.2250627,1.199517,0.3275163
0.2353292,1.239576,0.3255927
0.240678,1.261151,0.3235896
0.2473162,1.28283,0.3213001
0.2473162,1.28283,0.3213001
0.260704,1.326319,0.3146974
0.2683267,1.3483,0.31082
0.2754331,1.368936,0.3065465
0.2754331,1.368936,0.3065465
0.2919084,1.406016,0.2949759
0.3000671,1.423313,0.2886515
0.3080871,1.439705,0.2826375
0.3080871,1.439705,0.2826375
0.3235413,1.474082,0.271004
0.3304272,1.489773,0.2639722
0.3374133,1.504788,0.2575561
0.3374133,1.504788,0.2575561
0.3510236,1.528065,0.2435366
0.3577061,1.53377,0.2352952
0.364768,1.541928,0.2280782
0.3718326,1.546365,0.220092
0.3782607,1.550163,0.2124068
0.3845249,1.554218,0.2052587
0.3897832,1.556746,0.1979982
0.3943393,1.557767,0.1909365
0.3980884,1.558638,0.1833506
0.3980884,1.558638,0.1833506
0.4029198,1.555187,0.1696749
0.405049,1.553221,0.1635527
0.4065852,1.549941,0.1578884
0.4088885,1.546902,0.1520956
0.4088885,1.546902,0.1520956
0.4180094,1.538538,0.1383766
0.4189481,1.536306,0.1326018
0.4190342,1.534825,0.1277356
0.4188573,1.532623,0.1224767
0.4190868,1.530962,0.1182883
0.4210692,1.527288,0.1130199
0.4210692,1.527288,0.1130199
0.4238238,1.518708,0.1045388
0.4249552,1.513664,0.1007981
0.4258648,1.51051,0.09707062
0.4260468,1.507259,0.09313762
0.4253271,1.504986,0.08942477
0.4249473,1.503514,0.08588153
0.4243835,1.502611,0.08267334
0.4233326,1.501759,0.07993051
0.4224586,1.501678,0.07758263
0.4224586,1.501678,0.07758263
0.4220003,1.502636,0.07374524
0.4212431,1.504119,0.07258761
0.4203187,1.505412,0.07152106
0.4190498,1.508374,0.07101201
0.4171186,1.511534,0.07114334
0.4153954,1.514743,0.07110675
0.413293,1.518759,0.07189085
0.4114554,1.522741,0.07235223
0.40913,1.527208,0.07375267
0.407535,1.531951,0.07556498
0.4048615,1.536254,0.07725851
0.4017622,1.541175,0.07963048
0.397792,1.546028,0.08210732
0.3941533,1.551109,0.08458512
0.3896139,1.556016,0.08751419
0.3848797,1.560944,0.09070855
0.3802079,1.565092,0.09375378
0.3747751,1.569114,0.09778114
0.3699221,1.572751,0.1013269
0.3649365,1.576506,0.1054608
0.3599485,1.580151,0.1094365
0.3544616,1.582915,0.1135768
0.349055,1.586119,0.1178592
0.3423931,1.587617,0.1234412
0.3363446,1.587458,0.1290013
0.3300119,1.585893,0.1350489
0.3242759,1.584066,0.1408448
0.3242759,1.584066,0.1408448
0.3131807,1.574718,0.1536385
0.3079845,1.570292,0.1601105
0.3034273,1.559712,0.169006
0.3034273,1.559712,0.169006
0.2942337,1.539296,0.1872523
0.2895008,1.528439,0.1962538
0.2895008,1.528439,0.1962538
0.2798291,1.499752,0.2181473
0.2736059,1.483647,0.2290104
0.2676736,1.469426,0.2397485
0.2611269,1.452915,0.2504587
0.2611269,1.452915,0.2504587
0.249438,1.419136,0.2713475
0.249438,1.419136,0.2713475
0.2359554,1.386695,0.2911794
0.2241666,1.37279,0.3025267
0.2158569,1.358798,0.3107319
0.2075981,1.345959,0.3182917
0.19961,1.333185,0.3252521
0.1924355,1.319683,0.3310156
0.1856485,1.304847,0.3370887
0.1856485,1.304847,0.3370887
0.1699087,1.27535,0.3466722
0.1637548,1.258043,0.3512349
0.1573626,1.243925,0.3550338
0.1506134,1.230605,0.3574971
0.14366,1.21675,0.3609838
0.14366,1.21675,0.3609838
0.1326955,1.191064,0.3636345
0.1282046,1.179699,0.3624317
0.1258118,1.167336,0.3630971
0.1220745,1.155025,0.3630793
0.1203728,1.142894,0.3620084
0.1189812,1.131222,0.3603344
0.1174823,1.119794,0.3587672
0.1171035,1.109651,0.356429
0.1171981,1.100325,0.3537048
0.1180139,1.091722,0.3512993
0.1182853,1.082814,0.3489754
0.1193961,1.074795,0.3461041
0.1193961,1.074795,0.3461041
0.1219839,1.059261,0.3398707
0.1231858,1.051539,0.3370471
0.1248579,1.045282,0.3343291
0.1263244,1.04019,0.3320236
0.1275209,1.036045,0.3300691
0.1282102,1.032807,0.3281885
0.1284641,1.030334,0.3265669
0.1291821,1.027348,0.3246543
0.1298361,1.02591,0.322804
0.1298361,1.02591,0.322804
0.1311046,1.024453,0.3189695
0.1309613,1.026873,0.3185122
0.1308831,1.028037,0.3179277
0.1298575,1.031637,0.3181852
0.1288519,1.036076,0.3193434
0.1278073,1.04023,0.3203728
0.126002,1.046551,0.3226209
0.1232547,1.053718,0.3257895
0.1199549,1.061675,0.3287841
0.1183352,1.069754,0.330249
0.1156716,1.078217,0.3319424
0.1156716,1.078217,0.3319424
0.109415,1.100048,0.3365745
0.1054314,1.112771,0.3400933
0.1015814,1.125055,0.3436415
0.09608734,1.140887,0.3478763
0.0910736,1.155062,0.3514708
0.08559851,1.171314,0.3548826
0.08047462,1.188343,0.3580262
0.07472589,1.205153,0.3608522
0.06808396,1.223956,0.3628223
0.0605911,1.243494,0.3642171
0.05384091,1.262932,0.364903
0.05384091,1.262932,0.364903
0.03941797,1.302132,0.3655815
0.03142915,1.322207,0.3651936
0.02308232,1.341918,0.3644124
0.02308232,1.341918,0.3644124
0.007091656,1.381035,0.3628591
-0.00150951,1.400511,0.3610976
-0.009652831,1.41884,0.3589911
-0.01732587,1.437392,0.3568341
-0.02582044,1.454644,0.3538646
-0.03393716,1.471694,0.350525
-0.04145358,1.48721,0.3479087
-0.04962294,1.501564,0.3432314
-0.05804657,1.516324,0.3398272
-0.06590461,1.529097,0.3354983
-0.07349476,1.541287,0.3305475
-0.08077457,1.552996,0.3260539
-0.08720092,1.562729,0.3204469
-0.08720092,1.562729,0.3204469
-0.09882447,1.579457,0.3093658
-0.103669,1.586624,0.3039098
-0.1072002,1.592634,0.2983609
-0.1120144,1.598609,0.2930383
-0.115072,1.602807,0.2880442
-0.1179707,1.60627,0.2833362
-0.1205845,1.610124,0.2797503
-0.1206865,1.611427,0.2776592
-0.1206865,1.611427,0.2776592
-0.122392,1.614065,0.2737105
-0.1230669,1.614258,0.2725039
-0.1228367,1.613299,0.2711872
-0.122014,1.611205,0.2701392
-0.1219377,1.610124,0.2693312
-0.1206353,1.608105,0.2689953
-0.1198069,1.605293,0.2689944
-0.1185074,1.59994,0.2698894
-0.1178837,1.593782,0.2709064
-0.1182321,1.582131,0.27272
-0.1180555,1.571401,0.274615
-0.1183184,1.561103,0.2771969
-0.1180775,1.546102,0.2820757
-0.1184096,1.532467,0.2855151
-0.11883,1.516536,0.2897652
-0.1191774,1.498578,0.2933514
-0.1205547,1.478955,0.2970015
-0.1205547,1.478955,0.2970015
-0.1243135,1.436937,0.303893
-0.1260655,1.412796,0.3072359
-0.1260655,1.412796,0.3072359
-0.1299552,1.36535,0.3139163
-0.131817,1.34128,0.3174601
-0.1329202,1.317225,0.3207909
-0.1341892,1.29342,0.3231498
-0.1332292,1.269462,0.3222855
-0.1330636,1.246701,0.3231761
-0.1319673,1.226724,0.3226328
-0.1311522,1.205313,0.3227795
-0.1291621,1.186474,0.3201994
-0.1281217,1.16704,0.3176512
-0.126414,1.151222,0.3149585
-0.1234989,1.138243,0.3135598
-0.1206306,1.127116,0.3118388
-0.117551,1.120441,0.3106574
-0.1161008,1.115808,0.3087593
-0.1137327,1.113535,0.30488
-0.1120963,1.110061,0.3025486
-0.1092172,1.106492,0.299929
-0.1064894,1.105466,0.2979874
-0.1040265,1.103191,0.2959622
-0.10167,1.102279,0.2944288
-0.10167,1.102279,0.2944288
-0.09890553,1.104483,0.294522
-0.09722959,1.105551,0.2948688
-0.09709521,1.107451,0.2941962
-0.0965762,1.109813,0.2936016
-0.09639476,1.111385,0.2894822
-0.09520034,1.112931,0.2859386
-0.09520034,1.112931,0.2859386
-0.09040546,1.11477,0.2799848
-0.08713544,1.115037,0.278282
-0.08380619,1.116558,0.2785469
-0.07931785,1.117056,0.2791787
-0.07247866,1.116453,0.2802631
-0.06770685,1.117058,0.2805169
-0.05953899,1.116213,0.2799731
-0.05212373,1.116225,0.2786564
-0.04321663,1.115598,0.2776483
-0.03577954,1.115693,0.2769403
-0.02561945,1.115002,0.2778288
-0.01460829,1.115025,0.2798296
-0.003452398,1.114944,0.2825292
0.009750359,1.115885,0.2880108
0.02193988,1.117208,0.2935147
0.03429433,1.118532,0.2984957
0.04681207,1.121027,0.3042786
0.059986,1.124275,0.3103358
0.059986,1.124275,0.3103358
0.08605438,1.132995,0.3228064
0.09906368,1.139385,0.3301798
0.1106798,1.146955,0.3366392
0.1209992,1.15557,0.3419973
0.1209992,1.15557,0.3419973
0.1395965,1.174257,0.3520921
0.149136,1.183547,0.3576934
0.1567575,1.195027,0.3627374
0.1646808,1.206423,0.3687445
0.1646808,1.206423,0.3687445
0.1736297,1.237797,0.3804947
0.1780208,1.252843,0.3862238
0.1791432,1.27082,0.3910536
0.1791432,1.27082,0.3910536
0.1784903,1.305787,0.399344
0.176504,1.323415,0.4011729
0.176504,1.323415,0.4011729
0.1703756,1.358279,0.4036903
0.1674848,1.375122,0.4053727
0.1674848,1.375122,0.4053727
0.159201,1.409973,0.4066237
0.1551936,1.426982,0.4071614
0.1511217,1.443655,0.4071435
0.1460825,1.45943,0.406801
0.1401468,1.474493,0.4054038
0.1401468,1.474493,0.4054038
0.1296322,1.500563,0.4013813
0.1296322,1.500563,0.4013813
0.1203464,1.524495,0.3966119
0.1146401,1.536553,0.394283
0.1098476,1.546454,0.391261
0.1098476,1.546454,0.391261
0.1002734,1.566453,0.3848717
0.09645545,1.574307,0.380778
0.0929807,1.582868,0.3781238
0.09003459,1.591162,0.3746779
0.08761511,1.599258,0.371547
0.08646525,1.605388,0.3669316
0.08427307,1.611965,0.3626879
0.08292036,1.616566,0.3588819
0.08164933,1.620054,0.35489
0.08137564,1.622557,0.3516374
0.08091363,1.625654,0.3480903
0.08192132,1.627463,0.3453121
0.08357616,1.628892,0.3420484
0.0853548,1.629903,0.3392506
0.08689783,1.630921,0.3369882
0.09014083,1.628912,0.3349488
0.09287606,1.627196,0.3333675
0.09513658,1.626007,0.3313263
0.09872844,1.622574,0.3303007
0.1024899,1.619437,0.328815
0.1077789,1.614255,0.3283796
0.1155142,1.607079,0.3276789
0.1220859,1.601484,0.3268267
0.1297038,1.593036,0.3261957
0.1369232,1.583081,0.3251066
0.1438016,1.573532,0.3241012
0.1512221,1.561553,0.3231114
0.1594453,1.547751,0.3226735
0.1682274,1.532569,0.3223411
0.1767552,1.517946,0.3220519
0.1851616,1.501546,0.3215348
0.1939262,1.480018,0.3208714
0.202252,1.458984,0.3195281
0.2105367,1.43726,0.3177399
0.2179189,1.415466,0.3162678
0.2242841,1.390734,0.3149319
0.2292307,1.364947,0.3130796
0.2337364,1.340302,0.3111989
0.2380434,1.31659,0.3092581
0.241868,1.293698,0.3076157
0.244315,1.270939,0.3059109
0.2456961,1.250254,0.3032893
0.2473488,1.229983,0.3004438
0.2483575,1.210626,0.2978967
0.2471888,1.191329,0.2944971
0.2434283,1.174757,0.2906905
0.2393638,1.157916,0.2870886
0.2315648,1.148127,0.2821427
0.2204598,1.145039,0.277373
0.2139308,1.136554,0.2783838
0.2057026,1.137104,0.2774566
0.1985968,1.132609,0.2787205
0.191054,1.130427,0.2794118
0.1822993,1.131498,0.2829108
0.1731564,1.134659,0.2856678
0.1639588,1.138794,0.2897354
0.1560057,1.142714,0.2933901
0.1489404,1.149952,0.2982483
0.1413775,1.158585,0.3032587
0.133147,1.166219,0.3080339
0.1262871,1.17699,0.3134488
0.1189595,1.187761,0.3196029
0.1255412,1.19306,0.3213919
0.1170757,1.203532,0.3267587
0.1088897,1.213828,0.3322504
0.09813282,1.223152,0.3368097
0.08924219,1.231297,0.3423997
0.08163556,1.236502,0.3488143
0.07259378,1.238485,0.353331
0.06267005,1.243033,0.3576152
0.05243897,1.245877,0.359731
0.04326975,1.252828,0.362974
0.03303933,1.262304,0.3645851
0.02232617,1.273393,0.3666076
0.01085624,1.28522,0.3664033
0.000765979,1.293038,0.3681439
-0.008473121,1.29949,0.3697485
-0.013206,1.302796,0.3731437
-0.02025762,1.307132,0.3764985
-0.02508596,1.311041,0.3811892
-0.03114631,1.316213,0.3844118
-0.03766596,1.322314,0.385735
-0.04507947,1.329117,0.3860843
-0.05197851,1.336362,0.3870866
-0.05690694,1.343506,0.3882564
-0.06141382,1.351255,0.3898157
-0.06239739,1.357441,0.393079
-0.0647113,1.36319,0.3965818
-0.0646298,1.369983,0.4017596
-0.06650108,1.377024,0.4053687
-0.06908388,1.385108,0.4088753
-0.07099722,1.392357,0.4121786
-0.07379387,1.401407,0.4153749
-0.07532457,1.409987,0.4184448
-0.07729959,1.418686,0.4212112
-0.07805862,1.427753,0.4225084
-0.07938482,1.43658,0.4238146
-0.08119257,1.446857,0.4230435
-0.08249786,1.455985,0.4236553
-0.08405963,1.465114,0.4235432
-0.08474495,1.47378,0.4238164
-0.08546155,1.482986,0.4238707
-0.08537629,1.491357,0.4238707
-0.08615475,1.499339,0.422735
-0.08732895,1.507501,0.4208826
-0.08855911,1.515749,0.4188381
-0.09020647,1.524162,0.4160526
-0.09164523,1.532625,0.413849
-0.09265368,1.540046,0.4117907
-0.09287669,1.547329,0.4101341
-0.09330757,1.55361,0.4085286
-0.09389211,1.558941,0.4072545
-0.09459356,1.564553,0.4055728
-0.0952477,1.568606,0.4039834
-0.09598475,1.573326,0.4017359
-0.09694529,1.577016,0.3987369
-0.09862884,1.579769,0.3957975
-0.1000985,1.58269,0.3934302
-0.09939536,1.583063,0.3898925
-0.1024857,1.584596,0.386641
-0.1041416,1.584772,0.3854977
-0.1063304,1.587359,0.383186
-0.108406,1.587052,0.3823329
-0.1101807,1.586931,0.3805115
-0.1130764,1.585649,0.3794934
-0.115592,1.583803,0.3780976
-0.1176815,1.581969,0.3781165
-0.1195305,1.578742,0.3791321
-0.1210954,1.57753,0.3785435
-0.122858,1.57632,0.3779255
-0.126722,1.573792,0.3761602
-0.1315925,1.569981,0.3745131
-0.1364693,1.565748,0.3723191
-0.1414245,1.560562,0.3701207
-0.1459073,1.555843,0.3675835
-0.1497525,1.551344,0.366024
-0.1524432,1.545586,0.3662606
-0.1561431,1.540665,0.3659588
-0.1596461,1.536092,0.3649864
-0.1639813,1.530063,0.3636822
-0.168096,1.524422,0.3619688
-0.172978,1.518041,0.3592229
-0.1774228,1.511954,0.3556029
-0.1822254,1.505946,0.3523325
-0.1859719,1.498997,0.3488311
-0.1909116,1.491917,0.3467913
-0.195355,1.483697,0.3440605
-0.1988146,1.474966,0.3414156
-0.202611,1.466265,0.3383562
-0.2055015,1.457599,0.3356275
-0.2090551,1.44847,0.3320186
-0.210645,1.439221,0.3296778
-0.2119479,1.42932,0.3278376
-0.2138378,1.419801,0.3258149
-0.2151487,1.409464,0.3244988
-0.2168744,1.398177,0.3222823
-0.2185902,1.387167,0.3213012
-0.220184,1.376422,0.3206864
-0.221876,1.365696,0.3202436
-0.2227829,1.355299,0.3195624
-0.2235692,1.345136,0.3193876
-0.2244632,1.334218,0.3183655
-0.2249705,1.322684,0.3164374
-0.2249952,1.311808,0.313976
-0.2257495,1.301633,0.3119726
-0.2256832,1.292171,0.3105859
-0.2250204,1.282849,0.3096077
-0.2239071,1.273652,0.3087026
-0.222305,1.26542,0.307589
-0.2203997,1.257925,0.3055338
-0.2188304,1.250155,0.3034135
-0.2177917,1.241769,0.3007715
-0.2160964,1.234065,0.2970394
-0.2150692,1.226713,0.293565
-0.2133554,1.219662,0.2910303
-0.2126052,1.212466,0.2887351
-0.2115833,1.20665,0.2872632
-0.2106973,1.200609,0.285331
-0.2103401,1.195283,0.2832873
-0.2100902,1.190895,0.281887
-0.2098433,1.186247,0.2801944
-0.2096595,1.18357,0.2797599
-0.2098642,1.18004,0.2785759
-0.2099784,1.177866,0.2782263
-0.2104183,1.175447,0.2774271
-0.210968,1.17472,0.2767372
-0.2118712,1.174694,0.2765994
-0.2127085,1.175316,0.2764376
-0.2140616,1.176161,0.2766488
-0.2148097,1.17676,0.2770758
-0.2160955,1.179134,0.2779833
-0.2170306,1.180717,0.27847
-0.2179525,1.183921,0.279178
-0.2198425,1.187336,0.2787018
-0.2212357,1.190385,0.2772433
-0.2220716,1.194073,0.2756225
-0.2229768,1.197287,0.2742018
-0.2243006,1.200826,0.2732888
-0.2247057,1.203743,0.2730423
-0.2256284,1.207233,0.2727762
-0.2262895,1.210783,0.2720378
-0.2268736,1.21376,0.270859
-0.2273436,1.216819,0.2697082
-0.227359,1.218636,0.2682841
-0.2280535,1.221194,0.2679015
-0.2283401,1.223145,0.2673917
-0.2290012,1.225545,0.2668308
-0.2292002,1.22683,0.2663036
-0.2298345,1.228248,0.2652836
-0.2302501,1.229694,0.2645242
-0.230621,1.230159,0.263571
-0.230948,1.231008,0.2626689
-0.2313539,1.231094,0.2620301
-0.2319905,1.231156,0.2616383
-0.2324577,1.231253,0.2611266
-0.2329954,1.230992,0.2609343
-0.2335514,1.231037,0.2605251
-0.2340597,1.230945,0.2603814
-0.2343582,1.23082,0.2599966
-0.2348609,1.230789,0.2597361
-0.2353914,1.230471,0.2594713
-0.2358278,1.230245,0.2593974
-0.2361937,1.22979,0.2595276
-0.2361622,1.229174,0.2593442
-0.2363738,1.228496,0.2592126
-0.2365634,1.228099,0.2589313
-0.2367946,1.227514,0.2585842
-0.2371534,1.227204,0.2587824
-0.2375739,1.227058,0.2590075
-0.2379057,1.226912,0.2591585
-0.2383382,1.226743,0.2594088
-0.2386063,1.226363,0.2596411
-0.238969,1.226047,0.2597244
-0.2394083,1.225645,0.2597829
-0.2397315,1.225225,0.2596493
-0.2400744,1.224821,0.2596271
-0.2404008,1.224414,0.2594617
-0.2406315,1.224038,0.2595652
-0.2408366,1.223781,0.2598703
-0.2410651,1.223446,0.2600207
-0.2415072,1.223226,0.2601852
-0.2417863,1.222959,0.260165
-0.242451,1.222799,0.2601727
-0.2428359,1.222403,0.2601736
-0.2430244,1.222026,0.2601384
-0.2430022,1.221726,0.2599786
-0.2430362,1.221396,0.2601061
-0.243148,1.221079,0.260161
-0.2432452,1.220806,0.260267
-0.2434545,1.220547,0.2603059
-0.2433411,1.220231,0.2604011
-0.243454,1.219749,0.2604622
-0.2435029,1.219378,0.2605264
-0.2439349,1.219304,0.2607467
-0.2441479,1.219036,0.2610482
-0.2442595,1.21872,0.2612734
-0.2442722,1.218363,0.2615072
-0.2443767,1.217991,0.2617054
-0.2443767,1.217991,0.2617054
-0.2446109,1.217125,0.2619771
-0.2447443,1.216749,0.2624349
-0.2450156,1.21633,0.2625617
-0.245114,1.215891,0.2627795
-0.2452987,1.215533,0.2629241
-0.2454398,1.215192,0.2630852
-0.2457202,1.214885,0.2633387
-0.2458506,1.214586,0.2635416
-0.2461519,1.214269,0.2637689
-0.2464466,1.213916,0.2638259
-0.246588,1.213518,0.2640099
-0.2467911,1.213158,0.2642332
-0.246942,1.212807,0.2644025
-0.2470368,1.212431,0.2645658
-0.2472925,1.212203,0.2646665
-0.2473099,1.211817,0.2647167
-0.2475493,1.21159,0.2647769
-0.2477363,1.211346,0.2648223
-0.2477125,1.211126,0.2649229
-0.2478713,1.210817,0.2650322
-0.2480672,1.210534,0.2650881
-0.2482233,1.210339,0.265217
-0.2485949,1.210245,0.2652792
-0.2487887,1.21005,0.2653047
-0.2491777,1.210025,0.2654317
-0.2494245,1.209913,0.2654925
-0.2498007,1.209875,0.2657426
-0.2500512,1.209838,0.265909
-0.2503197,1.209831,0.2660937
-0.2507516,1.20997,0.2662385
-0.2510335,1.210011,0.2662672
-0.2512388,1.210013,0.2664781
-0.2516237,1.21014,0.2664559
-0.2520734,1.210348,0.2666242
-0.2524824,1.210554,0.2665886
-0.2529337,1.210752,0.2667983
-0.2531449,1.21086,0.2670081
-0.2532815,1.211023,0.267069
-0.2535934,1.211244,0.2671782
-0.2538511,1.211468,0.2673608
-0.2541656,1.211718,0.2675071
-0.2543964,1.211886,0.2675996
-0.2546421,1.21208,0.2673419
-0.2548203,1.212249,0.2674157
-0.2551505,1.212537,0.2675146
-0.2554656,1.21294,0.2676948
-0.255691,1.213157,0.2679082
-0.2560467,1.213526,0.2681199
-0.2562422,1.213657,0.2682759
-0.2565777,1.213905,0.2683256
-0.2567545,1.213978,0.2684388
-0.2569038,1.214042,0.2684973
-0.2571291,1.214033,0.2685561
-0.2574049,1.214127,0.2687967
-0.2575073,1.214233,0.2692113
-0.2576938,1.214315,0.2693555
-0.2577412,1.214292,0.2695208
-0.2577938,1.214182,0.2696685
-0.2580661,1.214222,0.2695874
-0.2580974,1.214104,0.2696829
-0.2582821,1.214123,0.2698011
-0.2584684,1.214209,0.2699358
-0.2585291,1.2142,0.2700706
-0.2587882,1.214193,0.2702827
-0.2588149,1.214145,0.270424
-0.2590325,1.214212,0.2706755
-0.2590873,1.214152,0.2708955
-0.259196,1.21421,0.2715414
-0.2592194,1.214131,0.2717945
-0.2591967,1.213994,0.2719978
-0.2591923,1.213966,0.2720538
-0.2590849,1.21381,0.272166
-0.2590663,1.213809,0.2722225
-0.2592018,1.213926,0.2725294
-0.2592598,1.213911,0.2726861
-0.2592378,1.21385,0.2728796
-0.2591782,1.213868,0.2731269
-0.2591484,1.213763,0.2733085
-0.2592128,1.213744,0.2735372
-0.2592275,1.213687,0.2738114
-0.2593537,1.213786,0.2741017
-0.259472,1.21389,0.2745533
-0.2595086,1.213906,0.2747154
-0.2596607,1.213874,0.2748949
-0.2596643,1.21376,0.2750273
-0.2597299,1.213718,0.2752442
-0.2597195,1.213572,0.2754146
-0.2598509,1.213641,0.2757051
-0.2598695,1.213588,0.2758825
-0.259927,1.213714,0.2760609
-0.2600458,1.213748,0.2762074
-0.26013,1.213933,0.2764217
-0.2601434,1.213973,0.2766623
-0.2601324,1.213856,0.2767762
-0.2602258,1.213967,0.276976
-0.2603101,1.213905,0.2771059
-0.2602223,1.213827,0.2771185
-0.2602829,1.213855,0.2771705
-0.2602805,1.213984,0.2772105
-0.2603013,1.214091,0.2773523
-0.2603013,1.214209,0.277437
-0.260359,1.214381,0.2775651
-0.2603852,1.214462,0.2776421
-0.2605409,1.214512,0.2778194
-0.2605622,1.214551,0.277897
-0.2603858,1.214608,0.2779569
-0.2603976,1.214727,0.2781029
-0.2602035,1.214753,0.2780325
-0.2601619,1.214795,0.2781453
-0.260033,1.214748,0.2781043
-0.2599344,1.214702,0.2782026
-0.2598498,1.214677,0.2783261
-0.2597617,1.214672,0.2785232
-0.2596555,1.21465,0.2787167
-0.2597062,1.214733,0.2788717
-0.2596161,1.214689,0.278994
-0.259738,1.214697,0.2792539
-0.2596976,1.214662,0.2793499
-0.2596798,1.214665,0.279512
-0.2598019,1.214751,0.2796745
-0.2598011,1.214669,0.2797181
-0.2597983,1.21459,0.2798578
-0.2597268,1.214476,0.2799557
-0.259542,1.214346,0.2799506
-0.2595412,1.214307,0.2800575
-0.2599052,1.214581,0.2804688
-0.2602463,1.214721,0.28071
-0.2605864,1.214755,0.2806883
-0.2608425,1.215254,0.2804067
-0.2611222,1.21525,0.2805614
-0.2613235,1.215194,0.2803498
,,
0.4129345,1.292048,-0.2348339
0.4122814,1.292263,-0.2340617
0.411056,1.291864,-0.2335663
0.4098207,1.291078,-0.2343953
0.408901,1.290832,-0.2351131
0.4086406,1.290388,-0.235566
0.408269,1.290089,-0.2356738
0.4070041,1.290582,-0.2357813
0.4065282,1.290825,-0.2353618
0.4059776,1.290904,-0.235006
0.4051543,1.290788,-0.2343725
0.4051543,1.290788,-0.2343725
0.4046029,1.290629,-0.2341134
0.404335,1.290474,-0.2335263
0.4038366,1.290261,-0.2326931
0.4045278,1.289727,-0.2300959
0.4033657,1.289716,-0.2295151
0.4033657,1.289716,-0.2295151
0.4039071,1.2892,-0.2256908
0.4033172,1.288783,-0.2238524
0.4033172,1.288783,-0.2238524
0.4042928,1.288088,-0.2201409
0.4045346,1.287426,-0.216027
0.4038986,1.286513,-0.2115218
0.4029618,1.284833,-0.2022671
0.4029618,1.284833,-0.2022671
0.4080239,1.282725,-0.18951
0.4080239,1.282725,-0.18951
0.4079569,1.281509,-0.1838249
0.4078593,1.280269,-0.1773775
0.4133492,1.27868,-0.1671733
0.417375,1.276974,-0.1571259
0.4350322,1.272708,-0.1324095
0.4352149,1.271686,-0.123803
0.4352205,1.270925,-0.1152831
0.4352205,1.270925,-0.1152831
0.435762,1.270765,-0.106292
0.4371198,1.271031,-0.08842343
0.437194,1.270479,-0.07939323
0.437194,1.270479,-0.07939323
0.437773,1.270201,-0.07016454
0.4385283,1.27187,-0.05081399
0.4385283,1.27187,-0.05081399
0.4396087,1.275081,-0.03146925
0.440167,1.277417,-0.02204704
0.4408489,1.279743,-0.01274997
0.4414388,1.282347,-0.00348442
0.4414388,1.282347,-0.00348442
0.4426627,1.289597,0.01556239
0.4426627,1.289597,0.01556239
0.4431079,1.293635,0.02458164
0.4436049,1.297442,0.0338777
0.4441772,1.306399,0.05185953
0.4441412,1.311659,0.06087378
0.4441412,1.311659,0.06087378
0.44357,1.322466,0.07878636
0.4421155,1.32879,0.08803165
0.4421155,1.32879,0.08803165
0.4421155,1.32879,0.08803165
0.43957,1.346329,0.1138248
0.4382809,1.352303,0.1223682
0.4368292,1.358092,0.1309464
0.4344015,1.364328,0.1395444
0.4315811,1.370633,0.1481466
0.4288328,1.376696,0.1567143
0.4288328,1.376696,0.1567143
0.4222053,1.38811,0.1731385
0.4193599,1.393567,0.1809682
0.4161291,1.398468,0.1883859
0.4126403,1.403475,0.1955065
0.4088677,1.408305,0.2025182
0.4043879,1.413007,0.2093279
0.3996478,1.417996,0.2159884
0.3996478,1.417996,0.2159884
0.3909914,1.426573,0.2279648
0.3868482,1.429748,0.2330226
0.3828432,1.432839,0.2380796
0.3782008,1.434943,0.2425523
0.3731786,1.436557,0.2469211
0.3680995,1.437483,0.2511989
0.3631851,1.436877,0.2553941
0.3631851,1.436877,0.2553941
0.353607,1.433121,0.2637539
0.3485444,1.428212,0.2678027
0.3425679,1.421188,0.2721873
0.3376907,1.414715,0.2761299
0.3376907,1.414715,0.2761299
0.3262227,1.394833,0.2840129
0.319725,1.382197,0.2878275
0.3048927,1.373174,0.2937346
0.3048927,1.373174,0.2937346
0.2916026,1.346192,0.3001949
0.2845164,1.332962,0.3036153
0.2845164,1.332962,0.3036153
0.2684257,1.300277,0.3092981
0.2593907,1.28172,0.3112223
0.2593907,1.28172,0.3112223
0.2408171,1.243417,0.3129228
0.2319863,1.224394,0.3128148
0.2319863,1.224394,0.3128148
0.2153758,1.188461,0.3128752
0.2061375,1.170189,0.3122249
0.2061375,1.170189,0.3122249
0.1896557,1.137212,0.3102749
0.1819528,1.120783,0.3082866
0.1819528,1.120783,0.3082866
0.1674724,1.088835,0.3024973
0.1610718,1.074681,0.2983969
0.1536301,1.060952,0.2951554
0.1536301,1.060952,0.2951554
0.1383622,1.036589,0.2881398
0.1317986,1.024904,0.2850015
0.1257433,1.01417,0.2822755
0.1257433,1.01417,0.2822755
0.1148589,0.9944389,0.2760479
0.1088862,0.9846627,0.2730653
0.1087831,0.9731196,0.2685502
0.1038976,0.9647995,0.2667823
0.1038976,0.9647995,0.2667823
0.09648876,0.9488403,0.2628293
0.09365609,0.9417017,0.2603616
0.09365609,0.9417017,0.2603616
0.08693933,0.9282941,0.2557326
0.08693933,0.9282941,0.2557326
0.0815108,0.9177389,0.2526192
0.0815108,0.9177389,0.2526192
0.07742296,0.9074032,0.249023
0.07575834,0.9026852,0.2482107
0.07575834,0.9026852,0.2482107
0.07291272,0.8943375,0.246183
0.06979157,0.893152,0.2462524
0.06740065,0.8918931,0.2458729
0.06466348,0.8913275,0.2456126
0.06200927,0.8903466,0.2453637
0.05945955,0.8908575,0.2454401
0.05945955,0.8908575,0.2454401
0.05476929,0.8945174,0.2489072
0.05286841,0.8965435,0.2511304
0.051226,0.9001579,0.255249
0.04994066,0.9045364,0.2597904
0.04828021,0.9097089,0.2648682
0.04620238,0.9164544,0.2710721
0.04363001,0.923431,0.2771801
0.04363001,0.923431,0.2771801
0.03936712,0.9433711,0.2953553
0.03808185,0.9533604,0.3039331
0.0374191,0.9671981,0.314061
0.03599464,0.9815013,0.3239432
0.03599464,0.9815013,0.3239432
0.03342865,1.013122,0.3449557
0.03227538,1.031869,0.3560185
0.03140861,1.049767,0.3667688
0.03140861,1.049767,0.3667688
0.0312725,1.092799,0.3882205
0.03095658,1.116,0.3981896
0.03095658,1.116,0.3981896
0.0294731,1.163697,0.4172064
0.02864146,1.188893,0.4253317
0.02864146,1.188893,0.4253317
0.02842285,1.213201,0.4337144
0.02686784,1.264823,0.4476203
0.02686784,1.264823,0.4476203
0.02356213,1.316882,0.4572101
0.02136989,1.342575,0.4601626
0.02136989,1.342575,0.4601626
0.01629795,1.393369,0.464027
0.01372118,1.417788,0.4637985
0.01372118,1.417788,0.4637985
0.008955687,1.463341,0.4623387
0.006820902,1.485005,0.4617488
0.006820902,1.485005,0.4617488
0.001260653,1.524614,0.4582278
-0.001832247,1.542005,0.4550423
-0.001832247,1.542005,0.4550423
-0.008526072,1.574922,0.4478422
-0.01208293,1.587758,0.4423004
-0.01502283,1.600201,0.4376237
-0.01502283,1.600201,0.4376237
-0.01826316,1.611989,0.4332927
-0.02318343,1.633144,0.4252602
-0.0258761,1.641106,0.4207827
-0.0258761,1.641106,0.4207827
-0.0305512,1.655906,0.4129296
-0.03224343,1.658068,0.408727
-0.03263647,1.659784,0.4059969
-0.03399361,1.665057,0.4029821
-0.03399361,1.665057,0.4029821
-0.03240546,1.66813,0.3986267
-0.03152423,1.668439,0.3968487
-0.03087808,1.667671,0.3953696
-0.03036068,1.666016,0.3939449
-0.02999588,1.665579,0.3927874
-0.02999588,1.665579,0.3927874
-0.02911483,1.663351,0.3918908
-0.02738069,1.658386,0.3914319
-0.02649701,1.655341,0.3919421
-0.02537259,1.652469,0.3923464
-0.02439842,1.649196,0.393106
-0.02297332,1.644613,0.3938448
-0.0220811,1.640559,0.3948648
-0.02100743,1.635927,0.3958266
-0.02015766,1.631472,0.3968906
-0.02015766,1.631472,0.3968906
-0.0194371,1.627832,0.3980694
-0.01509382,1.621342,0.4013048
-0.01262419,1.618197,0.4029011
-0.009867124,1.61634,0.404473
-0.006907828,1.61408,0.4054554
-0.004729897,1.612344,0.4062312
-0.002645634,1.610573,0.4069453
-0.000270784,1.610726,0.4064121
0.00210309,1.610084,0.4062825
0.005425103,1.609681,0.4061298
0.008488603,1.609326,0.4057243
0.01238469,1.609045,0.4053348
0.01690762,1.608542,0.404622
0.02194339,1.607591,0.4035791
0.02778188,1.607244,0.4027363
0.03315379,1.60687,0.4018487
0.03962761,1.607111,0.4009278
0.04611121,1.606928,0.3997335
0.05211826,1.606862,0.3985469
0.05859569,1.605842,0.3966292
0.06460816,1.604885,0.3949188
0.06460816,1.604885,0.3949188
0.07670872,1.59826,0.3909173
0.08323468,1.593929,0.3892452
0.09097645,1.587841,0.3877626
0.09939977,1.580876,0.3863855
0.1080506,1.573374,0.3847916
0.1167917,1.566333,0.3833392
0.1251428,1.559045,0.381738
0.1251428,1.559045,0.381738
0.1422382,1.540769,0.3785732
0.150761,1.527939,0.3770375
0.1594339,1.516206,0.3755294
0.1677712,1.501687,0.3742885
0.1677712,1.501687,0.3742885
0.1821267,1.46944,0.3726713
0.1882737,1.453298,0.3718835
0.1916932,1.434015,0.3709998
0.1947218,1.415258,0.3704503
0.1947218,1.415258,0.3704503
0.1978569,1.378511,0.3693666
0.199557,1.360057,0.368946
0.1989446,1.339764,0.3679055
0.1989446,1.339764,0.3679055
0.1976766,1.297868,0.3643391
0.1976186,1.278194,0.362979
0.1955755,1.260211,0.3603767
0.1955755,1.260211,0.3603767
0.1887126,1.229337,0.3566344
0.185288,1.214975,0.3544644
0.1826101,1.201479,0.3526904
0.1791111,1.188879,0.3504733
0.1791111,1.188879,0.3504733
0.1719719,1.166476,0.3451071
0.169401,1.155596,0.3429024
0.1663056,1.145681,0.3402538
0.1639039,1.137427,0.3389992
0.1616363,1.129955,0.3375296
0.1610274,1.126719,0.3378907
0.1610274,1.126719,0.3378907
0.1584771,1.118091,0.3380418
0.1575291,1.114023,0.3381495
0.1579425,1.11259,0.3383694
0.1583554,1.109494,0.3386653
0.1600863,1.107766,0.3386698
0.1625793,1.107117,0.3389166
0.1647575,1.106009,0.339474
0.1674365,1.107414,0.3407848
0.170392,1.109662,0.3424856
0.1734834,1.112313,0.3439527
0.1768745,1.115857,0.3457964
0.1802607,1.11988,0.346931
0.18414,1.124711,0.3483554
0.1878337,1.129143,0.3495319
0.1926841,1.135636,0.3519588
0.1974683,1.141886,0.3539107
0.2033032,1.14999,0.3565746
0.2093338,1.15906,0.3587867
0.2158404,1.169265,0.3608064
0.2220485,1.179095,0.3630815
0.2220485,1.179095,0.3630815
0.2353676,1.204295,0.3679626
0.2419372,1.21852,0.3701116
0.2483547,1.233709,0.3720317
0.2544789,1.248724,0.3737119
0.2607247,1.265618,0.3748363
0.2607247,1.265618,0.3748363
0.275425,1.300635,0.3761707
0.2830016,1.319056,0.3764675
0.2899308,1.338292,0.3760752
0.2966827,1.357279,0.3760131
0.2966827,1.357279,0.3760131
0.3087418,1.398294,0.3731007
0.314738,1.418367,0.371306
0.3204999,1.439059,0.3688253
0.3204999,1.439059,0.3688253
0.3318049,1.479542,0.3624062
0.336905,1.499978,0.3583996
0.3411341,1.520077,0.3542478
0.3455777,1.539733,0.3497941
0.3455777,1.539733,0.3497941
0.3530604,1.575152,0.3382243
0.3566085,1.59151,0.3327676
0.3584299,1.605169,0.3257916
0.3597189,1.617193,0.3187608
0.3603783,1.627315,0.3124322
0.3603783,1.627315,0.3124322
0.3616875,1.643327,0.3002278
0.3634305,1.650602,0.2952805
0.3656862,1.654673,0.2907296
0.3690319,1.657017,0.2863563
0.3733255,1.657093,0.2825774
0.3785456,1.655343,0.2785707
0.3841577,1.65565,0.2754171
0.3841577,1.65565,0.2754171
0.396734,1.651467,0.268138
0.40224,1.648821,0.2644664
0.40224,1.648821,0.2644664
0.4114029,1.641927,0.2594933
0.4134641,1.637043,0.2582763
0.4161636,1.631707,0.2573076
0.4175373,1.626312,0.2557126
0.419024,1.621688,0.2530473
0.419024,1.621688,0.2530473
0.4220595,1.611972,0.2478125
0.4238296,1.606543,0.2464754
0.4246804,1.599422,0.2464015
0.4252185,1.592098,0.2466178
0.4260308,1.584217,0.2476058
0.4263722,1.57673,0.2475176
0.4264928,1.570285,0.2475253
0.4261222,1.563713,0.2470899
0.4254204,1.557887,0.2469648
0.4250883,1.55136,0.2467249
0.4243411,1.545376,0.2475703
0.4238449,1.539076,0.2481993
0.4235708,1.533301,0.2482186
0.4235708,1.533301,0.2482186
0.4234535,1.527045,0.2483908
0.4200858,1.515693,0.2498068
0.4180044,1.510352,0.2506287
0.4152988,1.504903,0.2518216
0.412655,1.500207,0.2529368
0.4105834,1.495435,0.2539121
0.4084011,1.491652,0.2541957
0.4059712,1.487592,0.255017
0.4030433,1.483233,0.2563613
0.4000309,1.477784,0.2583314
0.3972627,1.472327,0.2600862
0.394313,1.466292,0.2622795
0.3910962,1.460166,0.2642314
0.387865,1.454729,0.2659017
0.3842793,1.449288,0.2674419
0.3799864,1.444133,0.2693245
0.3799864,1.444133,0.2693245
0.3697283,1.430911,0.27456
0.364372,1.422451,0.277779
0.3588911,1.413737,0.2809774
0.352829,1.404167,0.2845074
0.3456115,1.394282,0.2878774
0.338212,1.385716,0.2909353
0.338212,1.385716,0.2909353
0.3212331,1.368146,0.2969933
0.3108749,1.358003,0.3007448
0.3011745,1.347026,0.303707
0.2915151,1.336205,0.3072401
0.2915151,1.336205,0.3072401
0.2726207,1.315879,0.3123523
0.2622498,1.305956,0.3144258
0.2517982,1.295585,0.3167978
0.2517982,1.295585,0.3167978
0.2281859,1.27376,0.3193364
0.2175548,1.264039,0.3206878
0.2079439,1.255566,0.3219345
0.1994325,1.247862,0.3225747
0.1994325,1.247862,0.3225747
0.1831627,1.232897,0.3234444
0.1753455,1.226141,0.3229021
0.1664171,1.21897,0.3238776
0.1664171,1.21897,0.3238776
0.1537427,1.20649,0.3231297
0.1487336,1.200474,0.3228839
0.1440185,1.193745,0.3228133
0.1440185,1.193745,0.3228133
0.13491,1.181364,0.3220483
0.1318072,1.177492,0.3218939
0.1279902,1.17457,0.3215989
0.1235905,1.170633,0.3216071
0.1235905,1.170633,0.3216071
0.1209919,1.166862,0.3212444
0.1179264,1.158101,0.3221442
0.1177052,1.154025,0.3226703
0.1178564,1.150665,0.3229152
0.1164271,1.148896,0.3228051
0.1164271,1.148896,0.3228051
0.1135596,1.147366,0.3213855
0.112624,1.146802,0.3216189
0.1117922,1.145868,0.3217558
0.1116889,1.145823,0.3222236
0.1114494,1.145953,0.3234356
0.1110717,1.146284,0.3242111
0.1112253,1.14763,0.3251859
0.1112253,1.14763,0.3251859
0.1107793,1.150984,0.3269149
0.1108845,1.154107,0.3275742
0.1106367,1.158338,0.3294406
0.1103661,1.161755,0.3305303
0.1097049,1.166512,0.3325701
0.1086608,1.171627,0.3345264
0.1076851,1.176821,0.3356159
0.1060995,1.183753,0.3369904
0.1037142,1.191736,0.3385164
0.1037142,1.191736,0.3385164
0.09561521,1.211019,0.3432655
0.09224588,1.22037,0.3452149
0.08748522,1.231308,0.3478464
0.08195776,1.242995,0.3499297
0.07651078,1.25444,0.3516304
0.07002801,1.267701,0.3527564
0.07002801,1.267701,0.3527564
0.05487022,1.295895,0.3546857
0.0472658,1.310093,0.3561094
0.03827289,1.325454,0.3579358
0.02882319,1.341055,0.359677
0.02882319,1.341055,0.359677
0.008786172,1.37392,0.360727
-0.001733556,1.391247,0.3607298
-0.01179708,1.407465,0.3608528
-0.01179708,1.407465,0.3608528
-0.03387146,1.440561,0.3587534
-0.04430417,1.456466,0.3572724
-0.05576717,1.472157,0.3549474
-0.05576717,1.472157,0.3549474
-0.07634681,1.502315,0.3471749
-0.08581389,1.516824,0.3437806
-0.09403944,1.530602,0.3402572
-0.09403944,1.530602,0.3402572
-0.1100045,1.555691,0.3345588
-0.1170124,1.565865,0.3314302
-0.1241575,1.575521,0.3275297
-0.1241575,1.575521,0.3275297
-0.1362087,1.586209,0.3194874
-0.1420697,1.590082,0.3153705
-0.1480176,1.592951,0.3125769
-0.1538194,1.595228,0.3095984
-0.1596761,1.597198,0.3079632
-0.1596761,1.597198,0.3079632
-0.1698373,1.596045,0.3051453
-0.175136,1.593872,0.3035706
-0.1798897,1.590854,0.3022786
-0.1843483,1.588861,0.3019865
-0.1873731,1.586598,0.3020291
-0.1898484,1.583718,0.3025659
-0.1898484,1.583718,0.3025659
-0.1945245,1.57622,0.3037172
-0.1956034,1.570668,0.3044063
-0.1970305,1.565251,0.3051601
-0.1985289,1.557872,0.3058052
-0.1997383,1.548939,0.3070757
-0.2000923,1.54036,0.3094821
-0.1997528,1.53203,0.3128364
-0.1992429,1.523878,0.3157508
-0.1979168,1.514337,0.3198602
-0.1972237,1.505319,0.322447
-0.1958592,1.495731,0.3251328
-0.1958592,1.495731,0.3251328
-0.1930536,1.475385,0.3309461
-0.1909328,1.464085,0.3349534
-0.1884204,1.451832,0.339471
-0.1856141,1.439388,0.3443265
-0.1827642,1.426554,0.348467
-0.1827642,1.426554,0.348467
-0.1768394,1.400935,0.3555137
-0.1732456,1.38777,0.3585697
-0.1699209,1.374029,0.3609435
-0.1662469,1.360114,0.3634762
-0.1662469,1.360114,0.3634762
-0.1594789,1.333183,0.3673974
-0.1559001,1.319058,0.3680094
-0.1533456,1.305196,0.3677862
-0.1502082,1.291748,0.3680607
-0.1502082,1.291748,0.3680607
-0.1470683,1.279849,0.3667908
-0.1401917,1.256936,0.365321
-0.1359811,1.246876,0.3639173
-0.1324115,1.23802,0.3618185
-0.1287346,1.22996,0.3602207
-0.1257113,1.222803,0.3581712
-0.1228198,1.216124,0.3560917
-0.1204929,1.213077,0.3529732
-0.1182304,1.209641,0.3501573
-0.1159855,1.205202,0.3483837
-0.114182,1.203665,0.3458411
-0.1128543,1.203259,0.3437151
-0.1115917,1.204054,0.3422674
-0.1104914,1.204217,0.3401753
-0.1100134,1.20709,0.3380086
-0.109284,1.208865,0.3355652
-0.1101085,1.212751,0.3332081
-0.1106086,1.214761,0.3303721
-0.1108607,1.215972,0.3273802
-0.1112279,1.217205,0.3248743
-0.1111707,1.218226,0.3222712
-0.1111901,1.219345,0.3198422
-0.1107581,1.21958,0.3174248
-0.1103782,1.220263,0.3153782
-0.1099128,1.220456,0.3137625
-0.1080718,1.219824,0.3123641
-0.1063862,1.219,0.3115158
-0.103838,1.218056,0.3103373
-0.09884626,1.2164,0.312057
-0.09437771,1.215155,0.3129979
-0.09041073,1.214404,0.3151508
-0.08520673,1.21285,0.3167888
-0.07972806,1.210077,0.3197698
-0.07301702,1.207622,0.3218402
-0.06490004,1.204619,0.3255017
-0.05666476,1.201904,0.3292697
-0.04879692,1.199513,0.3323806
-0.04879692,1.199513,0.3323806
-0.03036375,1.194869,0.3404321
-0.02074912,1.193137,0.3449375
-0.01064836,1.191601,0.3489953
0.00037773,1.190699,0.3536192
0.01140155,1.190675,0.358527
0.02291521,1.190682,0.3635585
0.03431489,1.19184,0.3685018
0.04559167,1.193429,0.3734841
0.05647685,1.195442,0.3784934
0.05647685,1.195442,0.3784934
0.07836182,1.203902,0.3896411
0.08878618,1.210069,0.3955878
0.09931494,1.215999,0.4014651
0.109464,1.224489,0.407483
0.1177814,1.235369,0.4136632
0.1261604,1.244625,0.4189698
0.1324581,1.256442,0.424453
0.1324581,1.256442,0.424453
0.1422772,1.282081,0.4349755
0.1453358,1.297861,0.4395168
0.1478085,1.314528,0.443953
0.1504876,1.330807,0.4489195
0.1507524,1.351092,0.4527778
0.1507524,1.351092,0.4527778
0.1528202,1.388199,0.4590828
0.1532146,1.406749,0.4612193
0.1510077,1.427629,0.4619555
0.1510077,1.427629,0.4619555
0.1466116,1.466786,0.463991
0.1429816,1.486789,0.4636928
0.1383747,1.505816,0.4625234
0.1383747,1.505816,0.4625234
0.1287563,1.543593,0.4592935
0.1240822,1.562022,0.4573825
0.1192727,1.579704,0.4554798
0.1192727,1.579704,0.4554798
0.1080441,1.611151,0.4491213
0.1026064,1.625724,0.445684
0.09680325,1.63917,0.4427664
0.09680325,1.63917,0.4427664
0.08731192,1.662645,0.4355533
0.08268538,1.674517,0.4319272
0.07811789,1.684439,0.4284714
0.07381743,1.694956,0.4249228
0.07381743,1.694956,0.4249228
0.0658693,1.711341,0.4175474
0.06220768,1.718918,0.413578
0.05890714,1.724916,0.4098299
0.0551534,1.731039,0.4060047
0.05219071,1.734872,0.4023787
0.04924342,1.738076,0.398573
0.04924342,1.738076,0.398573
0.04454066,1.743633,0.3917056
0.04325121,1.745234,0.3882035
0.04283258,1.744895,0.385519
0.0418414,1.74594,0.3823351
0.04231644,1.746075,0.37949
0.04217336,1.746121,0.3762906
0.04448046,1.74352,0.3739921
0.04551314,1.741719,0.3713454
0.04798499,1.738479,0.3694499
0.05113111,1.734307,0.3671381
0.05438458,1.730598,0.364718
0.05864438,1.725368,0.3615886
0.06338234,1.719169,0.3586593
0.06853187,1.71161,0.3560956
0.07443515,1.703445,0.3537799
0.08017854,1.695601,0.3516933
0.08752096,1.685698,0.3495753
0.08752096,1.685698,0.3495753
0.1036412,1.662722,0.3462057
0.1119524,1.64891,0.3451554
0.1202568,1.635145,0.3442119
0.1291914,1.618741,0.3437171
0.1291914,1.618741,0.3437171
0.1467135,1.585322,0.3434646
0.1553391,1.566634,0.3439771
0.1634402,1.548224,0.3447713
0.1634402,1.548224,0.3447713
0.1794344,1.504423,0.3496657
0.1856851,1.481813,0.3524527
0.1917717,1.459417,0.3553503
0.1917717,1.459417,0.3553503
0.2021728,1.413467,0.3615152
0.2044216,1.387734,0.3654108
0.2079557,1.362783,0.3682519
0.2055885,1.339085,0.3702466
0.2055885,1.339085,0.3702466
0.203063,1.300391,0.3723184
0.2007562,1.28908,0.3716943
0.1994925,1.273248,0.372362
0.1964657,1.258731,0.3734246
0.1924095,1.244144,0.3728971
0.1884434,1.228559,0.3740256
0.1823426,1.217431,0.3726439
0.1769162,1.208812,0.3732329
0.1733099,1.203295,0.3729959
0.1733099,1.203295,0.3729959
0.1615692,1.195512,0.3747855
0.1563141,1.193395,0.3753082
0.1480431,1.191856,0.3774815
0.1399126,1.190262,0.3781311
0.1315827,1.189003,0.3799748
0.1217772,1.190702,0.3818318
0.1135531,1.192875,0.3846559
0.1053831,1.196352,0.3875553
0.1053831,1.196352,0.3875553
0.09127121,1.206721,0.3957025
0.08293499,1.211981,0.3987445
0.07483053,1.216738,0.401421
0.06668881,1.221804,0.4033825
0.05925758,1.227566,0.4061548
0.05180835,1.234322,0.4086065
0.04476983,1.241271,0.4106727
0.04476983,1.241271,0.4106727
0.03691604,1.24768,0.4131803
0.02990215,1.254405,0.4153089
0.01707301,1.268284,0.4191058
0.01176998,1.277907,0.4208925
0.005547415,1.285287,0.4223351
-0.000483165,1.293149,0.4232197
-0.00625265,1.300153,0.4242064
-0.01101669,1.305972,0.4245404
-0.01460508,1.312844,0.4256821
-0.01778298,1.320529,0.4267293
-0.02040579,1.327843,0.4275104
-0.02269416,1.334083,0.4288622
-0.02522594,1.340652,0.4297346
-0.02760486,1.346749,0.4304024
-0.03031873,1.353598,0.4313607
-0.03257596,1.360594,0.4317461
-0.03528095,1.367169,0.4321243
-0.03765065,1.373583,0.4322824
-0.03968496,1.38043,0.4324013
-0.04104966,1.387697,0.432668
-0.0423955,1.395286,0.4330477
-0.0442596,1.402211,0.4333215
-0.04625539,1.409038,0.4342557
-0.04845109,1.416448,0.4351583
-0.05027748,1.424904,0.435471
-0.05222066,1.432567,0.435856
-0.05421171,1.44073,0.4349256
-0.05607442,1.448552,0.4346616
-0.05764816,1.456123,0.4335002
-0.05939302,1.463213,0.4320334
-0.06091736,1.470012,0.4305319
-0.06266709,1.475482,0.4289934
-0.0650161,1.480703,0.427519
-0.0677509,1.485669,0.4254377
-0.06981079,1.491127,0.4235207
-0.07194415,1.495791,0.419964
-0.07353358,1.500727,0.4166553
-0.07580022,1.505261,0.4136949
-0.07851387,1.507729,0.4108567
-0.08211204,1.509496,0.4084598
-0.08684634,1.51027,0.4063156
-0.09205401,1.511041,0.4042616
-0.09688904,1.512056,0.4016653
-0.1020406,1.511588,0.3995119
-0.1020406,1.511588,0.3995119
-0.1092354,1.512382,0.396048
-0.1127286,1.512235,0.3947906
-0.1164578,1.511314,0.393622
-0.1208621,1.509861,0.392379
-0.1251844,1.509115,0.3904015
-0.1251844,1.509115,0.3904015
-0.1341999,1.507718,0.3849249
-0.138319,1.506719,0.3831512
-0.142918,1.506062,0.3805755
-0.1471582,1.504716,0.3782701
-0.1471582,1.504716,0.3782701
-0.1584919,1.499491,0.3717391
-0.1634093,1.497074,0.3675749
-0.168516,1.495201,0.3634563
-0.168516,1.495201,0.3634563
-0.1780176,1.488416,0.3535919
-0.1818373,1.48475,0.3494623
-0.1868464,1.480939,0.3453685
-0.1868464,1.480939,0.3453685
-0.1954065,1.472453,0.3373238
-0.199923,1.467854,0.3321211
-0.199923,1.467854,0.3321211
-0.2089438,1.456503,0.3216284
-0.2130982,1.449698,0.3171864
-0.2130982,1.449698,0.3171864
-0.2205883,1.435598,0.3087548
-0.2241131,1.429032,0.3042619
-0.2241131,1.429032,0.3042619
-0.2295227,1.414176,0.2950362
-0.2318601,1.406653,0.2898982
-0.2340635,1.399054,0.2846178
-0.2340635,1.399054,0.2846178
-0.2370025,1.382787,0.2762977
-0.2388652,1.374317,0.2725549
-0.2392939,1.36553,0.2714593
-0.2392939,1.36553,0.2714593
-0.2410446,1.348535,0.2679136
-0.2417366,1.340599,0.2664422
-0.2423973,1.332687,0.2648121
-0.2429026,1.32529,0.2632189
-0.2429026,1.32529,0.2632189
-0.2434319,1.311374,0.2600944
-0.243655,1.304585,0.2584858
-0.2433794,1.297505,0.2575559
-0.2434492,1.290668,0.2567258
-0.2432637,1.284249,0.2562545
-0.2432637,1.284249,0.2562545
-0.2429296,1.272218,0.2552858
-0.2429703,1.267063,0.2554049
-0.2430309,1.262203,0.255202
-0.2430882,1.257403,0.2553308
-0.2433234,1.252438,0.2551475
-0.2431911,1.247767,0.2548213
-0.2432892,1.24362,0.2543806
-0.2432892,1.24362,0.2543806
-0.2436785,1.236153,0.2543751
-0.2443598,1.233231,0.254486
-0.2450682,1.2305,0.2545374
-0.2456896,1.227762,0.2545521
-0.2462127,1.225373,0.2547053
-0.2467028,1.222929,0.254953
-0.2470751,1.221289,0.2551005
-0.2476264,1.220288,0.2553375
-0.2483402,1.219741,0.2555716
-0.2490961,1.219014,0.2555865
-0.2501963,1.219062,0.255931
-0.2501963,1.219062,0.255931
-0.2523298,1.2198,0.2562653
-0.2534103,1.220208,0.2563132
-0.2546242,1.221417,0.2564355
-0.2559844,1.222707,0.256364
-0.2570824,1.223972,0.2565387
-0.2581857,1.225285,0.2565163
-0.2590584,1.226586,0.2567556
-0.2602203,1.228323,0.2569334
-0.2612699,1.230147,0.2571054
-0.2623907,1.232032,0.2574255
-0.2633964,1.233569,0.2576953
-0.2642607,1.234945,0.2581138
-0.2650476,1.236138,0.2584344
-0.265757,1.237416,0.2590793
-0.2663532,1.238255,0.2594407
-0.2668502,1.239071,0.2596005
-0.2670658,1.239616,0.2595949
-0.2675473,1.240534,0.2597476
-0.2677266,1.240913,0.259671
-0.2677266,1.240913,0.259671
-0.2677768,1.241656,0.2596612
-0.2677226,1.241623,0.2598821
-0.2679979,1.241875,0.2604736
-0.2678176,1.24171,0.260821
-0.2677379,1.241707,0.2608751
-0.2673994,1.241687,0.2608542
-0.2671932,1.241656,0.2610398
-0.2669891,1.241468,0.2612473
-0.2667808,1.241294,0.2613194
-0.266715,1.24107,0.2614514
-0.2665522,1.240741,0.2614298
-0.266429,1.240316,0.2615431
-0.2663065,1.240172,0.2617622
-0.2664269,1.239851,0.2620251
-0.2660268,1.239471,0.2620135
-0.2659505,1.239195,0.2621377
-0.2658696,1.238928,0.2622179
-0.2657629,1.238388,0.2625499
-0.2656316,1.238016,0.2625605
-0.2656373,1.237843,0.262577
-0.265604,1.237488,0.2626954
-0.2656313,1.237288,0.2627358
-0.2656535,1.237163,0.262871
-0.2659123,1.237056,0.2631564
-0.2660046,1.236951,0.2632025
-0.2661995,1.236956,0.2632456
-0.2664238,1.236928,0.2633353
-0.2667089,1.236836,0.2635094
-0.2668714,1.236789,0.2636296
-0.2671904,1.236887,0.2637049
-0.2674496,1.236908,0.2634833
-0.2677644,1.236755,0.2634721
-0.2681478,1.236682,0.2633908
-0.2685156,1.236281,0.2635624
-0.2685156,1.236281,0.2635624
-0.2693596,1.235986,0.2643011
-0.2696843,1.235863,0.2646911
-0.2702544,1.235948,0.26488
-0.2708145,1.236452,0.2648877
,,
0.4337313,1.301928,-0.2206757
0.4333351,1.301899,-0.2208208
0.4326666,1.301463,-0.2205345
0.4324953,1.30096,-0.220513
0.4325332,1.300961,-0.2209534
0.4322385,1.301174,-0.2211501
0.4322494,1.301415,-0.2213627
0.4324751,1.301896,-0.2214426
0.4324912,1.302038,-0.2219376
0.4336243,1.302242,-0.2218345
0.4334755,1.30237,-0.2220413
0.433488,1.302462,-0.2221064
0.4333583,1.302664,-0.2221445
0.4334677,1.302875,-0.2218368
0.4329568,1.303212,-0.2215026
0.4329775,1.303369,-0.2210131
0.4330684,1.303181,-0.2200038
0.4330356,1.303166,-0.2192971
0.4331802,1.302883,-0.2180898
0.4331012,1.30252,-0.2168474
0.4329606,1.301855,-0.2146517
0.4328494,1.300979,-0.2119311
0.4324749,1.299908,-0.2083524
0.4322105,1.298613,-0.2039813
0.4317017,1.297022,-0.1986703
0.4312164,1.295588,-0.1933064
0.4326627,1.293919,-0.185424
0.432007,1.292179,-0.1773696
0.4333023,1.290421,-0.1688278
0.4328841,1.288804,-0.1613231
0.4385827,1.286376,-0.1499662
0.438309,1.284221,-0.1411541
0.4409743,1.282012,-0.1309151
0.4423126,1.28044,-0.1201797
0.4420037,1.279637,-0.1105806
0.4413153,1.27895,-0.1001696
0.4410081,1.278503,-0.08965178
0.4405967,1.278045,-0.0799098
0.440478,1.277613,-0.070114
0.4403275,1.277196,-0.05979915
0.4403303,1.277681,-0.04881425
0.4402699,1.278521,-0.03842317
0.4408806,1.281076,-0.02800453
0.4414011,1.283821,-0.01763244
0.4418901,1.28542,-0.006902725
0.4424,1.288968,0.002935514
0.442769,1.292433,0.01322854
0.4429947,1.296523,0.02312118
0.4433735,1.301672,0.03300864
0.4436612,1.307546,0.04253758
0.4441799,1.314488,0.0515613
0.4446785,1.321284,0.06082238
0.4449659,1.328719,0.06979752
0.445023,1.335477,0.07921317
0.444548,1.343406,0.08808801
0.443626,1.351873,0.09770596
0.4430197,1.360398,0.1069347
0.4421078,1.37005,0.1164054
0.4411533,1.379854,0.1254585
0.4401657,1.389167,0.1342554
0.4401657,1.389167,0.1342554
0.4364168,1.408432,0.1513154
0.4336874,1.418644,0.1601968
0.4308942,1.428725,0.1688328
0.4279878,1.438669,0.1772674
0.4242615,1.447814,0.1851341
0.42079,1.456975,0.1928262
0.4151166,1.465196,0.199672
0.4098559,1.472749,0.2068824
0.4047569,1.480696,0.2139818
0.3985479,1.486716,0.2204854
0.3985479,1.486716,0.2204854
0.3874127,1.498423,0.2329117
0.3818251,1.503943,0.2387505
0.3760654,1.507307,0.2441539
0.3700536,1.509334,0.2489867
0.363436,1.509431,0.2535939
0.3572469,1.508797,0.258415
0.3572469,1.508797,0.258415
0.3445161,1.497383,0.2664487
0.3383048,1.488496,0.2702403
0.3325337,1.476744,0.2739176
0.3269817,1.46684,0.2778317
0.3210827,1.452955,0.281534
0.3150318,1.438636,0.2851977
0.3087255,1.424678,0.2888216
0.3024537,1.406506,0.2917139
0.2968079,1.390131,0.2950494
0.2899739,1.370516,0.2982684
0.2829803,1.351427,0.301822
0.2760826,1.327917,0.3041105
0.2693851,1.306809,0.3072934
0.2627984,1.284142,0.3095474
0.241069,1.265672,0.3165272
0.2339335,1.243809,0.3187244
0.2262923,1.222341,0.3203673
0.2175847,1.200992,0.322493
0.208414,1.18189,0.3234402
0.1996226,1.16147,0.3250013
0.1996226,1.16147,0.3250013
0.1829232,1.126666,0.3217179
0.1755517,1.110233,0.3201648
0.1673456,1.095771,0.3186846
0.1600161,1.081892,0.3161232
0.1514345,1.072496,0.3136172
0.1426687,1.061032,0.3129355
0.1345488,1.053183,0.3113115
0.1255521,1.044912,0.3114185
0.1255521,1.044912,0.3114185
0.1099674,1.029226,0.3094916
0.1028586,1.022902,0.3080816
0.09577598,1.016746,0.3071083
0.08982594,1.010986,0.3066602
0.08370618,1.005281,0.305852
0.07814315,0.9989293,0.3049094
0.07327513,0.9939017,0.3037897
0.06740893,0.989362,0.3031353
0.06226472,0.9833325,0.3018252
0.05843022,0.9793046,0.3006905
0.05351972,0.9747593,0.3013786
0.04956651,0.9711828,0.3026459
0.04570474,0.9669162,0.3026524
0.04116366,0.962859,0.3018053
0.03777765,0.9581773,0.3000976
0.0337449,0.9540517,0.2984645
0.03256131,0.9502416,0.2960133
0.02910996,0.9471244,0.295153
0.0272406,0.9450948,0.2955321
0.02477303,0.9433978,0.2963531
0.02077536,0.9421257,0.2965955
0.0168948,0.9415444,0.2965602
0.01217481,0.9419855,0.29653
0.008143425,0.9424852,0.2969627
0.004363164,0.9442372,0.2987784
0.000793666,0.9459462,0.3007048
-0.002662487,0.9492842,0.3034208
-0.006391704,0.9535227,0.3068431
-0.01031488,0.9591085,0.310544
-0.006860726,0.9600844,0.3116054
-0.009829246,0.9691,0.3179573
-0.01328399,0.9776028,0.3242676
-0.01668543,0.986294,0.3299102
-0.02057934,0.9979528,0.3371912
-0.02388065,1.009349,0.3437386
-0.02788536,1.023603,0.3519402
-0.03170768,1.039068,0.3599952
-0.03473183,1.055864,0.368233
-0.03889807,1.074216,0.3777775
-0.04166264,1.093077,0.3866329
-0.04429191,1.111368,0.3950521
-0.04688889,1.132129,0.4036821
-0.04962914,1.153252,0.4117568
-0.05208507,1.175084,0.4192638
-0.05439374,1.197436,0.4259016
-0.05670078,1.218152,0.4330106
-0.05760632,1.241737,0.4394788
-0.06153585,1.266254,0.4464396
-0.06329039,1.289643,0.4526696
-0.06531618,1.31295,0.4587825
-0.0665438,1.336503,0.4645984
-0.06789574,1.36002,0.4696652
-0.06924653,1.383158,0.474662
-0.07001653,1.406911,0.4781783
-0.07081884,1.430165,0.4813994
-0.07172382,1.453088,0.4836141
-0.07259522,1.476126,0.4857014
-0.07305858,1.498309,0.4865815
-0.0729323,1.52013,0.4862874
-0.07261189,1.540542,0.4859982
-0.07463714,1.561376,0.4854814
-0.07428063,1.580527,0.4836786
-0.07408237,1.599651,0.4822683
-0.07377637,1.618219,0.4803491
-0.07270496,1.634858,0.4758449
-0.07200766,1.651962,0.4729016
-0.07017161,1.666862,0.4683437
-0.06840053,1.681864,0.463915
-0.06685184,1.696347,0.4600565
-0.06530817,1.709973,0.4552248
-0.06344308,1.721149,0.4498006
-0.06167291,1.731134,0.4435583
-0.05998895,1.739472,0.4375197
-0.05843235,1.746589,0.4316351
-0.05705269,1.754184,0.4258933
-0.0554923,1.758909,0.4202514
-0.05354495,1.761395,0.4144247
-0.05162629,1.765462,0.4096145
-0.04944441,1.768254,0.4045011
-0.04693694,1.770507,0.4000755
-0.0438453,1.771078,0.3966506
-0.04065144,1.771259,0.3936431
-0.03732274,1.771556,0.3912063
-0.03384686,1.770538,0.3893574
-0.03021875,1.768277,0.3883863
-0.02738117,1.766409,0.3867198
-0.02452159,1.764199,0.3854244
-0.02240799,1.760172,0.3835535
-0.02120157,1.75717,0.381522
-0.02053076,1.751877,0.3797272
-0.02015143,1.746046,0.3777544
-0.01945484,1.740754,0.3764521
-0.01828072,1.734248,0.3755705
-0.01731694,1.728371,0.3756357
-0.01686767,1.723347,0.3765258
-0.01449262,1.717183,0.3771275
-0.01215796,1.711052,0.3777924
-0.009406112,1.704368,0.3781818
-0.006822258,1.697106,0.3789076
-0.004374705,1.689885,0.3795767
-0.002467982,1.682169,0.3806592
5.24E-05,1.67457,0.3818844
0.003033169,1.666142,0.3838651
0.007622585,1.657922,0.3856312
0.01241309,1.648875,0.3875132
0.01712978,1.639391,0.389363
0.02116109,1.629735,0.3910363
0.02520157,1.619034,0.3927566
0.03039195,1.609245,0.3943129
0.03686059,1.600163,0.3961019
0.0433787,1.590758,0.3976851
0.0507901,1.581166,0.3995537
0.0583711,1.571516,0.4014587
0.06565131,1.561583,0.4035994
0.07329822,1.551187,0.4060903
0.08069792,1.539964,0.4085742
0.08784339,1.52884,0.4107526
0.09484097,1.516641,0.4127601
0.1021493,1.505729,0.4143741
0.1099083,1.49524,0.4159095
0.1180092,1.484928,0.4172956
0.1255771,1.473938,0.4186748
0.1327835,1.462469,0.4199876
0.139177,1.449235,0.42052
0.1453972,1.435468,0.4212427
0.1512624,1.42213,0.4214976
0.1581062,1.40954,0.4206935
0.1655598,1.397627,0.421112
0.1724988,1.385208,0.420172
0.1788573,1.371746,0.4194545
0.1842694,1.357417,0.4180145
0.1897346,1.342843,0.4170204
0.1947842,1.327623,0.4152057
0.1995251,1.312732,0.4128043
0.2050342,1.298979,0.4104535
0.2104365,1.285775,0.4076073
0.2151902,1.271846,0.4054694
0.2179394,1.25762,0.4020427
0.2196479,1.242462,0.3987208
0.2203837,1.227385,0.3952734
0.2219961,1.213249,0.3924921
0.2232988,1.199533,0.3890875
0.2247604,1.186786,0.3862277
0.225731,1.174133,0.3833478
0.2244842,1.162339,0.3802497
0.2234687,1.149595,0.3772281
0.2202196,1.137685,0.3732658
0.2188296,1.125542,0.3700707
0.2181551,1.115445,0.3665649
0.2175777,1.106107,0.364022
0.2168739,1.096723,0.3609688
0.2151095,1.088666,0.3580016
0.2126252,1.081381,0.3549328
0.2104345,1.075363,0.3525493
0.2091998,1.068888,0.3504133
0.2088747,1.065622,0.3485311
0.2082861,1.060741,0.3467891
0.2081616,1.058284,0.3456439
0.2081954,1.056783,0.3449859
0.2086858,1.055266,0.344196
0.2097288,1.05614,0.3447027
0.2111294,1.056527,0.3446034
0.2134179,1.06077,0.346144
0.2152972,1.063045,0.3464256
0.2176047,1.068107,0.3472263
0.2204777,1.074378,0.348857
0.2242878,1.081933,0.3500528
0.2290186,1.090509,0.3518117
0.2332543,1.098939,0.3537771
0.2389675,1.110139,0.3558053
0.2441335,1.121022,0.3575275
0.2498548,1.134686,0.3603501
0.2559371,1.149662,0.3631636
0.2620348,1.165958,0.3654185
0.2684658,1.183008,0.3678403
0.2743627,1.199105,0.3698328
0.2809102,1.217026,0.3721434
0.2874416,1.236488,0.3738981
0.2933235,1.25436,0.3753782
0.2994531,1.273969,0.3771223
0.305063,1.293777,0.378214
0.3105335,1.31359,0.3795931
0.3152673,1.334017,0.379853
0.3198232,1.35493,0.3802005
0.3244351,1.374906,0.380134
0.3281082,1.395889,0.3791717
0.3321089,1.416103,0.378778
0.3358203,1.436026,0.3770613
0.3390447,1.455948,0.3753923
0.3424853,1.475247,0.3732747
0.3454996,1.495147,0.371449
0.3488252,1.513932,0.3687482
0.3511156,1.532535,0.3658614
0.35395,1.5503,0.3623466
0.3550175,1.567251,0.3578982
0.3553381,1.583786,0.3532908
0.3561198,1.599118,0.348077
0.3565029,1.614229,0.342838
0.3563423,1.630122,0.3381607
0.3558306,1.643639,0.3321986
0.3559302,1.657209,0.3266355
0.3557895,1.668714,0.3201979
0.3553339,1.680533,0.3142504
0.3546939,1.689395,0.3070968
0.3546232,1.699804,0.3007264
0.3536897,1.708768,0.2945452
0.3530599,1.71661,0.2875897
0.3521809,1.723138,0.2810968
0.3515901,1.72984,0.2747154
0.3509858,1.734343,0.2687619
0.3500304,1.738337,0.2626143
0.3495668,1.742585,0.256813
0.3482662,1.7442,0.2510516
0.3468229,1.745657,0.2452407
0.3460781,1.74745,0.2398621
0.3448098,1.747891,0.2348127
0.3440963,1.74732,0.2303824
0.3438124,1.74615,0.2259606
0.3436894,1.745601,0.2209259
0.3439742,1.744009,0.2157374
0.3444946,1.742552,0.2107692
0.3455366,1.740365,0.2072014
0.346685,1.737041,0.2047119
0.3570358,1.732487,0.1986883
0.3577663,1.728615,0.196207
0.3586201,1.724694,0.1944788
0.3589184,1.720603,0.1921036
0.3587827,1.715845,0.1912324
0.3594036,1.710501,0.1899054
0.3591475,1.704961,0.1890375
0.3592875,1.699356,0.1889598
0.3598531,1.694215,0.188449
0.3603211,1.689005,0.1884567
0.3614653,1.68366,0.187892
0.3625928,1.678321,0.1874372
0.3636462,1.673027,0.1868255
0.3642164,1.667286,0.1870781
0.3648408,1.661196,0.1877213
0.3647703,1.653897,0.1894911
0.3643378,1.646734,0.1911468
0.3643556,1.639153,0.1925465
0.3647545,1.630939,0.1940459
0.3647887,1.62287,0.1954408
0.3639718,1.613426,0.1978571
0.3620719,1.604208,0.20077
0.3598337,1.59492,0.204045
0.3556064,1.585374,0.208709
0.3511032,1.575492,0.2140097
0.3471314,1.56586,0.2194744
0.3432773,1.555191,0.225548
0.3398732,1.543863,0.2321064
0.33597,1.530857,0.2397025
0.3314048,1.516907,0.2485541
0.3254767,1.503353,0.2571096
0.3188104,1.490283,0.2660015
0.3123852,1.477672,0.2744171
0.3045456,1.465591,0.2820339
0.2963541,1.453071,0.2897699
0.2884609,1.43965,0.2982879
0.2786762,1.424124,0.3076171
0.2702871,1.409187,0.3166659
0.2603801,1.393057,0.3255576
0.2513312,1.377785,0.3340548
0.2423881,1.362501,0.3421436
0.2333893,1.347062,0.3500172
0.2238013,1.331633,0.3562732
0.2145159,1.316848,0.3620913
0.2058002,1.302506,0.36756
0.1976602,1.288014,0.3722514
0.190049,1.273194,0.377263
0.1819824,1.258006,0.381974
0.173468,1.242236,0.3864263
0.1649618,1.226812,0.3900708
0.157177,1.211281,0.3926924
0.1505462,1.198045,0.3939579
0.1441577,1.185189,0.396165
0.1390203,1.17382,0.3973069
0.1326248,1.162507,0.3986607
0.1271719,1.151974,0.3989232
0.1217674,1.141959,0.3990711
0.1180973,1.130966,0.3989847
0.1140983,1.120484,0.3991257
0.1121868,1.112061,0.3982586
0.1084155,1.103074,0.3978646
0.1050757,1.096559,0.3966325
0.1016859,1.090512,0.3952362
0.09925254,1.085715,0.3947139
0.09694926,1.080002,0.3942756
0.095612,1.076385,0.3938543
0.09463065,1.073403,0.3935485
0.09342439,1.07075,0.3931195
0.09166393,1.067973,0.3925283
0.09031098,1.066512,0.3915492
0.08915327,1.065752,0.3907017
0.08779857,1.065805,0.3903961
0.08685609,1.066758,0.3904279
0.08576927,1.067676,0.3906514
0.08433419,1.070092,0.3909152
0.08234057,1.073148,0.3908493
0.07965921,1.077114,0.3910407
0.07725087,1.080929,0.3914818
0.07433973,1.087015,0.3932292
0.0711761,1.093863,0.3954891
0.06794246,1.100834,0.3971567
0.06377932,1.108492,0.3981208
0.05933602,1.115938,0.3991537
0.05322996,1.125489,0.400548
0.04781985,1.134805,0.401485
0.04163599,1.146079,0.4030678
0.03516297,1.157213,0.4045696
0.0284231,1.168595,0.4045209
0.02134651,1.180066,0.40441
0.01471464,1.192018,0.4032968
0.007763907,1.203855,0.4025343
0.000612676,1.216882,0.4019797
-0.00719481,1.230915,0.4016315
-0.01490338,1.245318,0.4012195
-0.02307198,1.259459,0.4008828
-0.03127362,1.275022,0.4003873
-0.03947177,1.290336,0.3995213
-0.04717118,1.305506,0.39829
-0.05489694,1.320881,0.3967868
-0.06274605,1.335938,0.3957778
-0.07085548,1.351845,0.3939852
-0.07897925,1.367703,0.3920193
-0.08675623,1.382986,0.3897811
-0.09444257,1.398049,0.3876226
-0.1016785,1.413312,0.3847269
-0.1091551,1.428436,0.3819162
-0.1159664,1.442825,0.3787654
-0.1225472,1.457251,0.3752676
-0.1289921,1.471072,0.3717127
-0.1357783,1.485042,0.3680333
-0.1418684,1.49802,0.3639457
-0.1479865,1.511065,0.3598356
-0.1533052,1.52304,0.3557977
-0.1582869,1.534517,0.3518216
-0.162985,1.545472,0.3481867
-0.1670557,1.555476,0.3449599
-0.1715716,1.56598,0.3414189
-0.1750415,1.574994,0.3383124
-0.1784276,1.583912,0.3348788
-0.1811092,1.59212,0.3318204
-0.1834426,1.599844,0.3285491
-0.1859053,1.607454,0.3254571
-0.1873036,1.613342,0.321997
-0.1895547,1.620733,0.3189942
-0.1904269,1.626053,0.3161021
-0.1916745,1.632013,0.3134936
-0.1915779,1.636026,0.3114828
-0.1923124,1.6405,0.3086182
-0.1921632,1.64333,0.3059473
-0.1913366,1.64503,0.3039856
-0.1902424,1.645539,0.302063
-0.1885461,1.644823,0.3008228
-0.1868992,1.643856,0.2995932
-0.1851113,1.642076,0.2988653
-0.1821232,1.63729,0.2992813
-0.1799498,1.633631,0.2993245
-0.1769726,1.627582,0.3003421
-0.1738272,1.620097,0.3019247
-0.170717,1.611095,0.3037885
-0.1674055,1.600774,0.3063949
-0.1643743,1.590866,0.3093375
-0.161433,1.579411,0.3134418
-0.1580044,1.566537,0.3183221
-0.1549166,1.554065,0.3229914
-0.1519682,1.539035,0.3281763
-0.1495792,1.519925,0.3330278
-0.1478133,1.503026,0.3369832
-0.1462614,1.483407,0.3408721
-0.1449999,1.463835,0.3444211
-0.1440433,1.444511,0.3476802
-0.143419,1.423177,0.3499655
-0.1428318,1.402817,0.3517637
-0.1420424,1.383068,0.3529242
-0.1419364,1.363981,0.354005
-0.1423824,1.345526,0.354257
-0.1430485,1.326815,0.3545183
-0.1451761,1.308281,0.3536105
-0.1466283,1.289245,0.3536215
-0.148379,1.272165,0.3512724
-0.1488956,1.255689,0.3497458
-0.1495668,1.241121,0.3470193
-0.1502232,1.225924,0.345078
-0.1502281,1.214583,0.341806
-0.1489783,1.204475,0.3395913
-0.148223,1.195387,0.3377093
-0.1457382,1.191842,0.3360508
-0.1448925,1.18466,0.335234
-0.1425547,1.182964,0.3338203
-0.1405996,1.181836,0.3339188
-0.1382432,1.180165,0.3338333
-0.135368,1.180928,0.3345721
-0.1327511,1.183405,0.3362344
-0.1294865,1.1869,0.3377627
-0.1269867,1.189697,0.3394201
-0.1233172,1.19562,0.3417766
-0.1199385,1.199613,0.3437606
-0.1159691,1.204189,0.3454657
-0.1119958,1.209454,0.348184
-0.1076608,1.213068,0.3503651
-0.1030756,1.218219,0.3542365
-0.09830415,1.221943,0.3574509
-0.09214393,1.227914,0.3620519
-0.08634902,1.232551,0.3652793
-0.07965095,1.238252,0.3669659
-0.0747298,1.244734,0.3707464
-0.06850642,1.249548,0.3738949
-0.0620974,1.255324,0.3777283
-0.05519558,1.260551,0.3812166
-0.04828461,1.266882,0.3855058
-0.04143956,1.272669,0.3888831
-0.03301909,1.279361,0.3924532
-0.02452711,1.286411,0.3962201
-0.01521233,1.293801,0.4004333
-0.005745493,1.30102,0.4052246
0.0039833,1.308202,0.4098852
0.01435416,1.316084,0.4150672
0.02495311,1.323867,0.4196409
0.03541682,1.332132,0.4240085
0.04621351,1.341298,0.4278559
0.05705588,1.350995,0.4319981
0.06694153,1.360578,0.4362273
0.0770309,1.371951,0.4393599
0.08677537,1.382035,0.443064
0.09646095,1.393134,0.4460841
0.1055464,1.404103,0.4493477
0.1153763,1.416063,0.4520799
0.1241415,1.427672,0.4543647
0.132995,1.440053,0.4564274
0.1421713,1.453374,0.4585826
0.1509216,1.465832,0.4606192
0.1591061,1.479542,0.4622318
0.1665014,1.492906,0.4628257
0.1734744,1.506707,0.4628136
0.1802816,1.520338,0.4627876
0.1860409,1.534761,0.4620714
0.1905796,1.550074,0.4605561
0.195951,1.564398,0.4593765
0.2005927,1.578418,0.4572449
0.2047792,1.591323,0.4546022
0.2086369,1.604603,0.4523818
0.2107794,1.617753,0.4484871
0.2136194,1.630491,0.4453852
0.21505,1.643015,0.4410662
0.2169317,1.655194,0.4371963
0.2171995,1.666543,0.4329249
0.2174559,1.677101,0.4282252
0.217867,1.687787,0.4240304
0.2171781,1.697323,0.4188851
0.2164032,1.706384,0.4143032
0.2157013,1.715132,0.4094529
0.2153273,1.723859,0.4054926
0.2137443,1.730927,0.4003431
0.2127138,1.738027,0.3953646
0.2110143,1.743522,0.3908591
0.2090836,1.748671,0.3861847
0.2073574,1.752813,0.3820822
0.2057431,1.755764,0.3778925
0.2042664,1.75861,0.3744805
0.2026272,1.759231,0.370553
0.2013762,1.760681,0.3674204
0.1997617,1.761396,0.3634724
0.1987987,1.761719,0.3603687
0.197359,1.761877,0.3571545
0.1974169,1.759463,0.3542659
0.1979389,1.754943,0.3514436
0.1982599,1.751689,0.3488274
0.1994616,1.745169,0.346888
0.2006465,1.738393,0.3448698
0.2030786,1.729846,0.3433247
0.2053656,1.720648,0.3419753
0.207898,1.711084,0.3409858
0.2106265,1.69901,0.3399854
0.2139996,1.68555,0.338559
0.2172551,1.672896,0.3371243
0.22053,1.65698,0.3353268
0.2248174,1.638054,0.3332176
0.2288857,1.621495,0.33148
0.2334284,1.601146,0.330515
0.237638,1.581452,0.3300229
0.2415368,1.55848,0.3303266
0.2462449,1.535862,0.3304603
0.2520096,1.513391,0.3298533
0.2577281,1.491444,0.3287693
0.2634635,1.467719,0.327695
0.2671236,1.442327,0.3279608
0.2693206,1.415071,0.3293959
0.2712111,1.388205,0.3314362
0.2742215,1.363397,0.3330927
0.277453,1.339247,0.3343207
0.2790667,1.316838,0.3341933
0.2795079,1.293584,0.3345449
0.2743702,1.27194,0.3340078
0.2702316,1.249426,0.3344193
0.2605482,1.227512,0.3344088
0.251896,1.208575,0.3356752
0.2439139,1.192474,0.3350888
0.2389838,1.175744,0.3353895
0.2288457,1.167758,0.3347833
0.21987,1.160571,0.3369616
0.2122901,1.151884,0.3373591
0.2037454,1.147378,0.3402623
0.1964319,1.142562,0.3432096
0.1852182,1.137996,0.345279
0.1764505,1.136678,0.3485243
0.1657815,1.137283,0.3512943
0.1560489,1.136167,0.3546166
0.1456296,1.137694,0.3581385
0.1365455,1.139829,0.362879
0.1272421,1.142948,0.3678562
0.116195,1.147493,0.3727197
0.1066235,1.151709,0.3778221
0.09589791,1.157578,0.3831784
0.08528981,1.16323,0.3885153
0.0739112,1.167321,0.3925412
0.06269568,1.174794,0.3976138
0.05133694,1.183182,0.4020761
0.04052447,1.191938,0.4064597
0.02997934,1.199803,0.4106883
0.0203665,1.209529,0.4146383
0.01068627,1.218007,0.4185921
0.001511149,1.225886,0.4220389
-0.007386554,1.233929,0.4245251
-0.01603905,1.241991,0.4269249
-0.0244909,1.251484,0.4293388
-0.03156345,1.261504,0.430986
-0.03870729,1.272146,0.4322811
-0.04601558,1.282141,0.4336985
-0.05171404,1.292048,0.4346677
-0.05701213,1.301774,0.4358553
-0.06088379,1.311887,0.4371223
-0.06663317,1.321914,0.4384424
-0.07019569,1.331704,0.4390998
-0.07425649,1.341978,0.4399788
-0.07899241,1.352319,0.4408537
-0.08207136,1.363691,0.4410405
-0.08586578,1.374495,0.4415455
-0.08907407,1.385426,0.4418632
-0.0918434,1.396089,0.4421425
-0.09491315,1.406508,0.4424495
-0.09749468,1.41696,0.4423978
-0.09989648,1.427788,0.4421378
-0.1015376,1.439119,0.4414614
-0.1041133,1.449878,0.4407036
-0.106176,1.460699,0.4396417
-0.1080209,1.471694,0.4383709
-0.1102039,1.482626,0.4366859
-0.1121437,1.492798,0.434893
-0.1149151,1.502613,0.4330221
-0.1170362,1.512489,0.4313232
-0.1195468,1.521583,0.4288812
-0.1214884,1.530487,0.426145
-0.1230231,1.538831,0.4232161
-0.1245704,1.546649,0.4201085
-0.1256754,1.554934,0.4168078
-0.1274792,1.561693,0.4131284
-0.1295482,1.567619,0.4094529
-0.1319347,1.572577,0.4060219
-0.1338843,1.577829,0.4026783
-0.1362266,1.581376,0.3995362
-0.1383784,1.584182,0.396028
-0.1401482,1.586045,0.3931137
-0.1412861,1.587841,0.3902687
-0.1426637,1.588543,0.3874122
-0.1442579,1.589246,0.3847405
-0.146527,1.58795,0.382093
-0.1492531,1.585285,0.3800556
-0.1516243,1.582624,0.3774507
-0.1539295,1.580497,0.3753189
-0.1557493,1.577593,0.3733709
-0.1576141,1.575341,0.3708444
-0.159195,1.572599,0.3697859
-0.1614967,1.569373,0.3682072
-0.163823,1.56559,0.3670945
-0.1667365,1.561167,0.3652568
-0.1701411,1.556424,0.3639521
-0.1741741,1.551737,0.362355
-0.1774943,1.547432,0.3605374
-0.1811282,1.542706,0.3591338
-0.1844966,1.538534,0.357096
-0.1879043,1.53375,0.355356
-0.1916055,1.528653,0.3532486
-0.1955668,1.523239,0.3507517
-0.199891,1.516862,0.3478484
-0.2041475,1.511117,0.3453623
-0.2081547,1.50575,0.3428143
-0.2130233,1.500397,0.3403475
-0.2169728,1.494824,0.337598
-0.2212685,1.489084,0.3344732
-0.2257045,1.482506,0.3311687
-0.2302626,1.475933,0.3277361
-0.2346721,1.469768,0.3245767
-0.2390434,1.463261,0.321715
-0.2432724,1.456455,0.3187164
-0.2478281,1.449524,0.3151865
-0.2521886,1.442613,0.3114676
-0.2564124,1.435762,0.3077098
-0.2607212,1.428488,0.3033607
-0.2643827,1.420478,0.299818
-0.2681698,1.412263,0.2961704
-0.2716374,1.403163,0.2925771
-0.2754456,1.39385,0.2883741
-0.2781518,1.38437,0.2854056
-0.2816064,1.375208,0.2819544
-0.2840816,1.365699,0.2793278
-0.2866475,1.356512,0.276106
-0.2889102,1.34735,0.2731279
-0.2908714,1.33875,0.2701517
-0.2924838,1.330296,0.267712
-0.2935725,1.321782,0.2661877
-0.2946027,1.313587,0.2645238
-0.2954382,1.305128,0.2635219
-0.2956285,1.29821,0.263182
-0.2963509,1.291108,0.2617163
-0.2963541,1.284747,0.2606766
-0.2964554,1.279134,0.2589499
-0.2963479,1.273924,0.2579178
-0.2968618,1.268227,0.2565561
-0.2967502,1.263459,0.256171
-0.2969941,1.258963,0.256288
-0.2971152,1.254609,0.2563791
-0.2969798,1.251482,0.2571699
-0.2969238,1.247643,0.2572808
-0.2967862,1.24405,0.2571921
-0.296646,1.240253,0.2567328
-0.2965136,1.237229,0.2557957
-0.2964919,1.233731,0.2553858
-0.2969153,1.232443,0.2554059
-0.2971745,1.230962,0.2557365
-0.2972252,1.229094,0.2558053
-0.2974291,1.228585,0.2561094
-0.2975681,1.227247,0.2561038
-0.2978662,1.226711,0.2563732
-0.2980202,1.226433,0.2567655
-0.2982298,1.226441,0.2570776
-0.2985049,1.226318,0.2573456
-0.2987594,1.226834,0.2575391
-0.2991897,1.227641,0.2577428
-0.2995056,1.228193,0.2578736
-0.300034,1.229337,0.2581092
-0.3005035,1.230409,0.2584437
-0.3008804,1.231455,0.2585545
-0.3011888,1.232612,0.2587965
-0.3015047,1.233627,0.2590294
-0.3016185,1.234802,0.2594367
-0.3018246,1.235889,0.2596937
-0.3021538,1.237162,0.2600342
-0.3022528,1.238343,0.2601396
-0.3022478,1.239146,0.2600947
-0.302251,1.240113,0.2602462
-0.3022597,1.240863,0.260309
-0.3023338,1.241676,0.2603073
-0.3022531,1.242212,0.2602853
-0.3024288,1.242912,0.2602541
-0.3023353,1.243181,0.2601041
-0.302304,1.243469,0.260031
-0.3021934,1.243616,0.2599614
-0.3019128,1.243608,0.2598991
-0.3017745,1.24364,0.2598456
-0.3017733,1.243707,0.2596617
-0.3016323,1.243736,0.2594887
-0.3016378,1.2439,0.2593373
-0.3016261,1.243957,0.2593195
-0.301549,1.243909,0.259073
-0.3014792,1.243777,0.2590029
-0.3012475,1.243637,0.25891
-0.3009967,1.243445,0.2586119
-0.3008742,1.243323,0.2584396
-0.3009932,1.243485,0.2582114
-0.301082,1.243521,0.2580609
-0.3011312,1.243656,0.2578124
-0.3010577,1.243728,0.2575774
-0.3010474,1.243812,0.2572993
-0.3009228,1.243865,0.2571242
-0.3010735,1.243968,0.2569985
-0.3010525,1.244093,0.256669
-0.3008364,1.244091,0.256412
-0.3008593,1.244321,0.2562224
-0.3007083,1.244564,0.2560652
-0.3006926,1.244766,0.255926
-0.30068,1.244948,0.255946
-0.3006856,1.245164,0.2558661
-0.3006409,1.245408,0.2558216
-0.3006042,1.24561,0.2558515
-0.3006882,1.245799,0.2557868
-0.3005925,1.245932,0.255812
-0.3006324,1.24599,0.2557586
-0.3004341,1.245836,0.2557
-0.3003972,1.245826,0.2557236
-0.3006178,1.246053,0.2559249
-0.3008321,1.246233,0.2562217
-0.300923,1.246249,0.2563056
-0.3009992,1.246235,0.256362
-0.3009967,1.245987,0.2564054
-0.3009738,1.245776,0.2563864
-0.3009786,1.245671,0.2564325
-0.300988,1.24561,0.2566312
-0.3010982,1.245521,0.2567416
-0.3009883,1.245329,0.2566776
-0.3011481,1.245064,0.2566493
-0.3012666,1.244562,0.2566099
-0.3015395,1.244306,0.2566673
-0.3019569,1.244215,0.2568895
-0.3022643,1.244121,0.2573599
-0.3027932,1.244151,0.2575196
-0.3033261,1.244131,0.2575689
